,Unnamed: 0,fighter_name,Height,Weight,Reach,SLpM,Str_Acc,SApM,Str_Def,TD_Avg,TD_Acc,TD_Def,Sub_Avg,Stance_Open Stance,Stance_Orthodox,Stance_Southpaw,Stance_Switch,Age,Female
0,0,Shamil Abdurakhimov,75,235.0,75,2.45,0.44,2.45,0.58,1.23,0.24,0.47,0.2,0,1,0,0,44.0,0
1,1,Mariya Agapova,66,125.0,66,3.7,0.5,4.15,0.47,1.23,0.66,0.33,0.6,0,0,1,0,28.0,1
2,2,Jessica Aguilar,63,115.0,63,4.93,0.5,7.19,0.53,0.94,0.25,0.5,0.2,0,1,0,0,43.0,1
3,3,Omari Akhmedov,72,185.0,72,2.95,0.35,2.59,0.57,2.63,0.49,0.65,0.3,0,1,0,0,38.0,0
4,4,Yoshihiro Akiyama,70,170.0,70,3.1,0.41,3.62,0.57,2.29,0.67,0.92,1.0,0,1,0,0,50.0,0
5,5,Amir Albazi,65,125.0,65,4.06,0.4,3.15,0.58,2.28,0.75,0.66,0.8,0,1,0,0,32.0,0
6,6,Aleksandra Albu,62,115.0,62,4.83,0.47,5.56,0.38,2.27,0.5,0.77,0.4,0,1,0,0,35.0,1
7,7,Ildemar Alcantara,74,185.0,74,1.93,0.38,2.63,0.5,2.0,0.68,0.81,0.9,0,1,0,0,43.0,0
8,8,Iuri Alcantara,69,135.0,69,2.72,0.45,2.79,0.49,1.44,0.62,0.6,0.8,0,0,1,0,45.0,0
9,9,Irene Aldana,69,135.0,69,5.52,0.38,5.97,0.61,0.23,0.5,0.84,0.1,0,1,0,0,38.0,1
10,10,Jose Aldo,67,135.0,67,3.45,0.45,3.52,0.61,0.57,0.56,0.91,0.1,0,1,0,0,39.0,0
11,11,Jim Alers,69,145.0,69,2.9,0.4,4.38,0.56,2.26,0.41,0.8,0.3,0,1,0,0,39.0,0
12,12,John Alessio,70,155.0,70,2.1,0.39,2.91,0.54,1.85,0.38,0.7,1.2,0,1,0,0,46.0,0
13,13,Marcio Alexandre Junior,72,185.0,72,1.61,0.45,2.89,0.42,0.35,0.2,0.66,0.7,0,0,1,0,36.0,0
14,14,John Allan,73,205.0,73,2.95,0.43,4.01,0.52,1.94,0.71,0.5,1.2,0,1,0,0,33.0,0
15,15,Arnold Allen,68,145.0,68,3.19,0.41,2.0,0.67,1.36,0.52,0.76,0.5,0,0,1,0,32.0,0
16,16,Brendan Allen,74,185.0,74,3.55,0.59,4.57,0.39,1.17,0.37,0.5,2.0,0,1,0,0,30.0,0
17,17,Ricardo Almeida,72,170.0,72,2.02,0.49,1.2,0.61,3.74,0.38,0.31,1.2,0,1,0,0,49.0,0
18,18,Sarah Alpar,64,135.0,64,2.11,0.54,4.76,0.32,2.69,0.28,0.5,0.7,0,0,1,0,34.0,1
19,19,Ali AlQaisi,66,135.0,66,2.43,0.42,1.97,0.56,3.5,0.29,0.6,1.0,0,1,0,0,35.0,0
20,20,Eddie Alvarez,69,155.0,69,4.32,0.41,4.39,0.55,2.92,0.36,0.92,0.5,0,1,0,0,42.0,0
21,21,Thiago Alves,69,170.0,69,3.73,0.41,3.42,0.62,0.71,0.6,0.63,0.3,0,1,0,0,42.0,0
22,22,Warlley Alves,71,170.0,71,3.09,0.47,3.62,0.5,1.48,0.54,0.75,1.0,0,1,0,0,35.0,0
23,23,Sam Alvey,74,205.0,74,3.17,0.44,3.26,0.55,0.08,0.16,0.82,0.1,0,0,1,0,39.0,0
24,24,Makwan Amirkhani,70,145.0,70,1.42,0.44,2.63,0.51,3.37,0.37,0.57,1.4,0,0,1,0,37.0,0
25,25,Eryk Anders,73,185.0,73,3.23,0.46,4.15,0.51,1.62,0.35,0.8,0.1,0,0,1,0,38.0,0
26,26,Megan Anderson,72,145.0,72,1.76,0.46,3.35,0.37,0.52,0.25,0.53,0.5,0,1,0,0,36.0,1
27,27,Viscardi Andrade,71,170.0,71,3.26,0.42,2.77,0.63,1.93,0.5,0.66,0.3,0,1,0,0,42.0,0
28,28,Jessica Andrade,61,115.0,61,6.38,0.49,5.26,0.53,3.11,0.57,0.76,0.4,0,1,0,0,34.0,1
29,29,Dylan Andrews,73,185.0,73,2.21,0.5,2.72,0.46,2.83,0.5,0.57,0.4,0,0,0,1,46.0,0
30,30,Nina Ansaroff,65,115.0,65,4.81,0.47,3.55,0.54,0.29,0.4,0.77,0.6,0,1,0,0,40.0,0
31,31,Gadzhimurad Antigulov,71,205.0,71,2.08,0.55,4.21,0.4,5.08,0.36,0.0,1.4,0,1,0,0,39.0,0
32,32,Igor Araujo,73,170.0,73,1.52,0.42,2.86,0.49,0.86,0.15,0.22,0.6,0,1,0,0,45.0,0
33,33,Felipe Arantes,68,135.0,68,2.37,0.45,2.66,0.64,0.93,0.47,0.41,0.7,0,1,0,0,38.0,0
34,34,Julio Arce,67,145.0,67,4.25,0.36,2.87,0.67,0.58,0.3,0.93,0.6,0,0,1,0,36.0,0
35,35,Viviane Araujo,64,125.0,64,4.97,0.48,4.84,0.6,2.33,0.64,0.94,0.2,0,1,0,0,39.0,1
36,36,Andrei Arlovski,75,240.0,75,3.48,0.44,2.83,0.57,0.47,0.36,0.78,0.3,0,1,0,0,47.0,0
37,37,Akbarh Arreola,70,155.0,70,2.32,0.45,4.01,0.56,1.07,1.0,0.33,0.4,0,0,1,0,43.0,0
38,38,Austin Arnett,72,145.0,72,4.52,0.41,6.38,0.62,0.44,0.18,0.57,0.2,0,1,0,0,34.0,0
39,39,Matt Arroyo,70,170.0,70,1.62,0.47,2.01,0.58,2.12,0.36,1.0,5.3,0,1,0,0,43.0,0
40,40,Antonio Arroyo,75,185.0,75,3.08,0.7,1.72,0.44,1.4,0.41,0.32,0.3,0,1,0,0,36.0,0
41,41,Cyril Asker,72,247.0,72,3.35,0.39,5.82,0.35,4.41,0.62,1.0,0.9,0,1,0,0,40.0,0
42,42,Scott Askham,75,185.0,75,3.03,0.46,3.52,0.52,0.44,0.18,0.65,0.7,0,0,1,0,37.0,0
43,43,Ben Askren,71,170.0,71,3.64,0.49,5.66,0.36,4.33,0.55,0.0,0.9,0,1,0,0,41.0,0
44,44,Tom Aspinall,77,256.0,77,7.43,0.66,3.06,0.65,3.54,1.0,0.0,1.8,0,1,0,0,32.0,0
45,45,Junior Assuncao,69,145.0,69,3.31,0.62,2.06,0.44,2.43,0.24,0.66,0.7,0,1,0,0,44.0,0
46,46,Raphael Assuncao,65,135.0,65,3.26,0.4,2.33,0.68,1.48,0.38,0.8,0.3,0,1,0,0,43.0,0
47,47,Olivier Aubin-Mercier,69,155.0,69,2.48,0.51,2.97,0.55,2.36,0.33,0.7,0.5,0,0,1,0,37.0,0
48,48,Marcus Aurelio,70,155.0,70,1.42,0.33,2.27,0.59,1.69,0.27,0.27,1.3,0,1,0,0,52.0,0
49,49,Blas Avena,72,170.0,72,2.34,0.47,3.36,0.43,2.37,0.8,0.5,1.8,0,1,0,0,42.0,0
50,50,Hunter Azure,68,145.0,68,4.17,0.52,1.99,0.62,2.52,0.45,0.76,1.4,0,1,0,0,34.0,0
51,51,Miguel Baeza,74,170.0,74,4.64,0.55,3.89,0.5,0.8,0.4,1.0,1.2,0,1,0,0,33.0,0
52,52,Ali Bagautinov,64,125.0,64,2.85,0.42,3.09,0.52,2.51,0.36,0.65,0.3,0,1,0,0,40.0,0
53,53,Seth Baczynski,75,170.0,75,3.08,0.31,3.14,0.51,0.89,0.16,0.48,0.8,0,1,0,0,44.0,0
54,54,Ryan Bader,74,205.0,74,2.82,0.43,1.39,0.71,3.37,0.44,0.8,0.4,0,1,0,0,42.0,0
55,55,Siyar Bahadurzada,71,170.0,71,2.91,0.4,3.23,0.49,1.32,0.61,0.62,0.3,0,1,0,0,41.0,0
56,56,Humberto Bandenay,71,145.0,71,2.22,0.41,4.79,0.41,2.9,0.46,0.62,0.5,0,0,1,0,31.0,0
57,57,Tae Hyun Bang,69,155.0,69,2.72,0.38,2.07,0.66,0.49,0.33,0.57,0.5,0,0,0,1,42.0,0
58,58,Maycee Barber,65,125.0,65,5.21,0.52,3.0,0.5,1.44,0.4,0.8,0.2,0,0,0,1,27.0,1
59,59,Antonio Banuelos,65,135.0,65,2.69,0.33,3.15,0.58,1.62,0.62,0.86,0.4,0,1,0,0,46.0,0
60,60,Bryan Barberena,72,170.0,72,5.48,0.48,4.7,0.45,0.23,0.28,0.6,0.5,0,0,1,0,36.0,0
61,61,Renan Barao,66,145.0,66,3.78,0.36,3.9,0.57,1.49,0.41,0.91,0.5,0,1,0,0,39.0,0
62,62,Edson Barboza,71,145.0,71,3.98,0.43,4.03,0.6,0.44,0.44,0.78,0.1,0,1,0,0,40.0,0
63,63,Raoni Barcelos,67,135.0,67,5.59,0.52,4.17,0.67,2.23,0.56,0.85,0.7,0,1,0,0,38.0,0
64,64,Luke Barnatt,78,185.0,78,4.43,0.36,3.87,0.59,0.63,0.42,0.63,0.4,0,1,0,0,37.0,0
65,65,Phil Baroni,69,170.0,69,2.77,0.45,3.93,0.4,1.46,0.47,0.6,0.5,0,1,0,0,49.0,0
66,66,Josh Barnett,75,250.0,75,3.2,0.5,2.11,0.57,1.26,0.55,0.55,1.4,0,1,0,0,48.0,0
67,67,Enrique Barzola,67,145.0,67,3.91,0.41,2.97,0.68,4.2,0.45,0.66,0.3,0,1,0,0,36.0,0
68,68,Chris Beal,67,125.0,67,3.45,0.35,3.18,0.61,1.6,0.58,0.78,0.2,0,1,0,0,40.0,0
69,69,Chase Beebe,67,135.0,67,2.17,0.38,1.64,0.69,2.49,0.42,0.41,0.9,0,1,0,0,41.0,0
70,70,Mirsad Bektic,68,145.0,68,2.43,0.41,1.8,0.57,3.98,0.52,0.92,0.4,0,1,0,0,35.0,0
71,71,Alan Belcher,74,185.0,74,2.7,0.41,3.1,0.59,0.44,0.26,0.55,0.9,0,1,0,0,41.0,0
72,72,Vitor Belfort,72,185.0,72,1.59,0.46,2.83,0.5,1.02,0.6,0.53,0.6,0,0,1,0,49.0,0
73,73,Marco Beltran,68,125.0,68,2.07,0.37,1.93,0.63,0.7,0.5,0.46,0.2,0,1,0,0,39.0,0
74,74,Joseph Benavidez,64,125.0,64,3.52,0.34,2.67,0.61,1.41,0.3,0.62,0.6,0,0,1,0,41.0,0
75,75,Gabriel Benitez,68,155.0,68,4.38,0.38,3.26,0.7,0.17,0.5,0.56,1.2,0,0,1,0,37.0,0
76,76,Ryan Benoit,65,125.0,65,2.95,0.41,3.4,0.6,0.33,0.25,0.7,0.5,0,1,0,0,36.0,0
77,77,Dennis Bermudez,66,155.0,66,4.42,0.46,3.07,0.59,3.89,0.4,0.82,1.1,0,1,0,0,39.0,0
78,78,Talita Bernardo,64,135.0,64,3.12,0.42,4.04,0.55,1.62,0.22,0.28,0.5,0,1,0,0,39.0,1
79,79,Manny Bermudez,70,145.0,70,2.92,0.61,2.68,0.46,3.06,0.54,0.0,3.1,0,1,0,0,31.0,0
80,80,Matt Bessette,70,145.0,70,4.36,0.41,4.45,0.58,0.64,0.28,0.61,0.3,0,1,0,0,41.0,0
81,81,Michael Bisping,73,185.0,73,4.33,0.38,2.71,0.65,1.05,0.43,0.63,0.3,0,1,0,0,47.0,0
82,82,Jan Blachowicz,74,205.0,74,3.59,0.49,2.79,0.53,1.18,0.53,0.65,0.2,0,1,0,0,43.0,0
83,83,Brad Blackburn,70,170.0,70,4.55,0.35,3.59,0.65,0.93,0.5,0.76,0.7,0,1,0,0,48.0,0
84,84,Maximo Blanco,68,145.0,68,4.11,0.44,3.19,0.66,1.85,0.36,0.63,0.3,0,1,0,0,42.0,0
85,85,Mark Bocek,68,155.0,68,2.34,0.43,2.32,0.6,3.65,0.36,0.31,1.3,0,1,0,0,44.0,0
86,86,Tim Boetsch,72,185.0,72,2.93,0.5,2.9,0.57,1.45,0.34,0.59,0.8,0,1,0,0,45.0,0
87,87,Rogerio Bontorin,65,125.0,65,2.19,0.5,3.12,0.38,1.9,0.4,0.51,1.6,0,1,0,0,33.0,0
88,88,Stephan Bonnar,76,205.0,76,2.76,0.38,3.01,0.52,1.32,0.4,0.6,1.0,0,1,0,0,49.0,0
89,89,Ray Borg,64,135.0,64,1.52,0.52,1.93,0.48,3.89,0.5,0.46,1.0,0,1,0,0,32.0,0
90,90,Brian Bowles,67,135.0,67,2.36,0.26,2.98,0.64,1.39,0.7,0.54,1.4,0,1,0,0,45.0,0
91,91,Roger Bowling,69,155.0,69,3.9,0.47,3.86,0.51,3.09,0.43,0.27,0.9,0,1,0,0,43.0,0
92,92,Sean Brady,70,170.0,70,4.72,0.55,3.6,0.63,2.69,0.6,1.0,1.2,0,1,0,0,33.0,0
93,93,Diego Brandao,67,145.0,67,2.94,0.47,3.38,0.62,3.21,0.68,0.8,0.6,0,1,0,0,38.0,0
94,94,Jason Brilz,71,205.0,71,2.66,0.4,1.78,0.65,2.37,0.25,0.25,1.3,0,1,0,0,50.0,0
95,95,Jonathan Brookins,72,145.0,72,2.69,0.39,3.63,0.56,1.94,0.17,0.8,0.3,0,0,1,0,40.0,0
96,96,Will Brooks,70,155.0,70,4.26,0.59,2.54,0.56,2.08,0.51,0.82,0.3,0,1,0,0,39.0,0
97,97,Jarred Brooks,63,125.0,63,2.12,0.46,1.66,0.62,4.54,0.57,0.69,0.6,0,0,0,1,32.0,0
98,98,Mike Brown,66,145.0,66,2.98,0.44,2.45,0.6,3.23,0.4,0.66,0.6,0,1,0,0,50.0,0
99,99,Matt Brown,72,170.0,72,3.69,0.54,2.67,0.55,1.56,0.44,0.63,1.4,0,1,0,0,45.0,0
100,100,TJ Brown,69,145.0,69,3.22,0.42,2.21,0.5,4.92,0.6,0.4,0.4,0,0,0,1,35.0,0
101,101,Damien Brown,70,155.0,70,3.66,0.38,4.86,0.5,0.68,0.27,0.53,0.7,0,1,0,0,41.0,0
102,102,Randy Brown,75,170.0,75,3.67,0.47,2.8,0.53,1.0,0.46,0.71,0.6,0,1,0,0,35.0,0
103,103,Travis Browne,78,255.0,78,2.93,0.41,4.31,0.42,1.21,0.68,0.75,0.2,0,1,0,0,43.0,0
104,104,Derek Brunson,73,185.0,73,3.46,0.47,2.72,0.53,3.11,0.33,0.94,0.5,0,0,1,0,42.0,0
105,105,Paul Buentello,74,245.0,74,3.29,0.45,3.83,0.52,0.19,0.33,0.39,0.4,0,1,0,0,52.0,0
106,106,Wuliji Buren,69,135.0,69,1.63,0.42,2.96,0.56,3.38,0.42,0.71,0.4,0,1,0,0,37.0,0
107,107,Shane Burgos,71,145.0,71,7.31,0.5,5.81,0.6,0.3,1.0,0.89,0.1,0,1,0,0,35.0,0
108,108,Joshua Burkman,70,170.0,70,2.69,0.43,3.13,0.51,2.53,0.36,0.72,0.3,0,1,0,0,45.0,0
109,109,Mads Burnell,68,145.0,68,1.28,0.41,2.71,0.51,3.45,0.47,0.22,0.4,0,1,0,0,32.0,0
110,110,Kevin Burns,70,170.0,70,2.74,0.38,4.3,0.52,0.28,0.5,0.47,0.8,0,1,0,0,46.0,0
111,111,Herbert Burns,69,145.0,69,1.67,0.45,5.02,0.33,4.64,0.83,0.75,2.8,0,1,0,0,38.0,0
112,112,Gilbert Burns,70,170.0,70,3.22,0.45,3.04,0.54,2.08,0.35,0.5,0.7,0,1,0,0,39.0,0
113,113,JP Buys,65,125.0,65,2.66,0.45,3.05,0.43,2.22,0.5,0.33,2.2,0,1,0,0,29.0,0
114,114,Dennis Buzukja,69,145.0,69,3.8,0.46,6.8,0.35,2.0,0.25,1.0,1.0,0,0,0,1,28.0,0
115,115,Charles Byrd,70,185.0,70,3.43,0.55,2.63,0.55,2.5,0.5,0.4,1.5,0,1,0,0,42.0,0
116,116,Yan Cabral,71,155.0,71,2.02,0.47,1.98,0.62,2.89,0.35,0.37,1.2,0,1,0,0,42.0,0
117,117,Alex Caceres,70,145.0,70,4.1,0.5,2.82,0.65,0.57,0.78,0.64,0.8,0,0,1,0,37.0,0
118,118,Joanne Calderwood,66,125.0,66,6.59,0.49,4.4,0.53,1.8,0.55,0.58,0.5,0,1,0,0,40.0,0
119,119,Cynthia Calvillo,64,125.0,64,4.18,0.41,3.52,0.67,1.85,0.44,0.71,1.1,0,1,0,0,38.0,1
120,120,Fabricio Camoes,70,155.0,70,1.29,0.33,1.85,0.61,2.34,0.32,0.2,1.5,0,1,0,0,47.0,0
121,121,Chris Camozzi,74,185.0,74,3.57,0.44,2.96,0.56,0.27,0.19,0.57,0.5,0,1,0,0,39.0,0
122,122,Will Campuzano,69,125.0,69,2.43,0.31,3.82,0.57,0.88,0.45,0.48,0.2,0,1,0,0,39.0,0
123,123,Chico Camus,66,125.0,66,2.58,0.41,2.46,0.64,0.77,0.4,0.72,0.4,0,1,0,0,41.0,0
124,124,Guido Cannetti,66,135.0,66,2.85,0.51,2.17,0.5,2.64,0.5,0.75,0.3,0,0,1,0,46.0,0
125,125,Luiz Cane,74,185.0,74,4.79,0.41,5.0,0.6,0.56,0.28,1.0,0.3,0,0,1,0,44.0,0
126,126,Phil Caracappa,68,135.0,68,2.93,0.5,4.07,0.29,1.0,0.08,1.0,1.0,0,1,0,0,33.0,0
127,127,Steve Cantwell,74,185.0,74,3.63,0.34,5.76,0.55,0.65,0.3,0.8,0.7,0,1,0,0,39.0,0
128,128,Bryan Caraway,68,135.0,68,2.53,0.34,3.61,0.54,2.57,0.25,0.8,0.8,0,1,0,0,41.0,0
129,129,Chris Cariaso,63,125.0,63,3.35,0.43,2.23,0.61,1.11,0.39,0.57,0.8,0,0,1,0,44.0,0
130,130,Antonio Carlos Junior,74,185.0,74,1.95,0.42,2.14,0.52,3.42,0.39,0.53,0.8,0,1,0,0,36.0,0
131,131,Spike Carlyle,68,145.0,68,2.55,0.54,3.85,0.3,3.34,0.36,0.57,0.5,0,0,0,1,32.0,0
132,132,Francis Carmont,75,205.0,75,2.22,0.42,1.64,0.59,1.79,0.36,0.73,0.6,0,1,0,0,44.0,0
133,133,Liz Carmouche,66,125.0,66,2.78,0.54,2.51,0.61,2.57,0.51,0.65,0.3,0,1,0,0,42.0,1
134,134,Roan Carneiro,71,170.0,71,1.46,0.46,1.82,0.62,3.05,0.42,0.83,1.4,0,1,0,0,47.0,0
135,135,Johnny Case,70,155.0,70,3.95,0.38,2.66,0.61,1.7,0.45,0.72,0.2,0,1,0,0,36.0,0
136,136,Kevin Casey,71,185.0,71,2.27,0.53,3.76,0.46,0.79,0.22,0.27,0.4,0,0,1,0,44.0,0
137,137,Cortney Casey,67,125.0,67,4.33,0.38,4.19,0.52,0.28,0.27,0.38,0.6,0,1,0,0,38.0,1
138,138,Danny Castillo,69,155.0,69,2.57,0.42,1.96,0.62,2.95,0.38,0.63,0.2,0,1,0,0,46.0,0
139,139,Nick Catone,72,185.0,72,2.11,0.44,2.32,0.63,3.71,0.44,0.83,0.5,0,0,1,0,44.0,0
140,140,Gesias Cavalcante,68,155.0,68,1.98,0.35,3.11,0.51,1.25,0.36,0.66,1.1,0,1,0,0,42.0,0
141,141,Rafael Cavalcante,73,205.0,73,2.71,0.53,3.62,0.49,0.6,0.4,0.63,0.1,0,1,0,0,45.0,0
142,142,Henry Cejudo,64,135.0,64,3.92,0.45,2.77,0.65,2.12,0.33,0.93,0.2,0,1,0,0,39.0,0
143,143,Magnus Cedenblad,77,185.0,77,2.38,0.51,3.02,0.4,2.87,0.64,0.66,1.0,0,1,0,0,43.0,0
144,144,Luan Chagas,72,170.0,72,4.16,0.47,3.19,0.62,0.32,0.12,0.85,0.3,0,1,0,0,32.0,0
145,145,Donald Cerrone,73,155.0,73,4.43,0.46,4.46,0.53,1.19,0.33,0.73,1.2,0,1,0,0,43.0,0
146,146,Alex Chambers,63,115.0,63,2.97,0.54,5.1,0.5,2.31,0.41,0.53,1.0,0,0,1,0,47.0,1
147,147,Michael Chandler,68,155.0,68,4.29,0.49,3.76,0.52,2.37,0.41,0.8,1.4,0,1,0,0,39.0,0
148,148,Macy Chiasson,71,135.0,71,4.16,0.49,2.17,0.46,0.98,0.21,0.64,0.5,0,1,0,0,34.0,1
149,149,Michael Chiesa,73,170.0,73,1.89,0.4,1.71,0.54,3.6,0.52,0.68,0.9,0,0,1,0,38.0,0
150,150,Khamzat Chimaev,74,170.0,74,9.03,0.72,0.1,0.66,4.67,0.75,0.0,3.1,0,1,0,0,31.0,0
151,151,John Cholish,71,155.0,71,2.65,0.49,2.29,0.73,1.82,0.31,0.78,0.4,0,1,0,0,42.0,0
152,152,Ryo Chonan,69,170.0,69,2.57,0.43,2.25,0.6,0.61,0.41,0.39,0.3,0,1,0,0,49.0,0
153,153,Katlyn Chookagian,69,125.0,69,4.22,0.34,4.23,0.63,0.27,0.15,0.51,0.5,0,1,0,0,37.0,0
154,154,Hannah Cifers,61,115.0,61,4.99,0.44,5.39,0.52,0.26,1.0,0.64,0.3,0,1,0,0,33.0,1
155,155,Misha Cirkunov,75,205.0,75,4.18,0.51,3.22,0.6,4.28,0.57,0.71,2.3,0,1,0,0,39.0,0
156,156,Devin Clark,72,205.0,72,3.33,0.57,2.43,0.48,2.7,0.36,0.76,0.1,0,1,0,0,35.0,0
157,157,Jessica-Rose Clark,65,125.0,65,4.68,0.51,3.98,0.6,1.01,0.55,0.73,0.4,0,1,0,0,38.0,1
158,158,Heather Clark,66,115.0,66,3.69,0.49,5.62,0.5,0.33,0.04,0.8,0.3,0,1,0,0,45.0,1
159,159,Rich Clementi,69,155.0,69,1.43,0.37,2.29,0.6,1.72,0.42,0.25,1.1,0,0,1,0,50.0,0
160,160,Mitch Clarke,70,155.0,70,2.35,0.34,3.27,0.47,0.64,0.15,0.5,0.4,0,1,0,0,40.0,0
161,161,Marloes Coenen,69,145.0,69,2.15,0.51,1.9,0.67,0.82,0.3,0.41,2.5,0,0,0,0,45.0,0
162,162,Felipe Colares,68,135.0,68,1.13,0.42,3.0,0.32,2.0,0.25,0.34,1.0,0,1,0,0,32.0,0
163,163,Mark Coleman,73,205.0,73,1.88,0.52,2.62,0.4,3.89,0.4,0.5,0.8,0,1,0,0,61.0,0
164,164,Clay Collard,71,145.0,71,4.22,0.32,5.0,0.5,2.81,0.39,0.71,0.5,0,1,0,0,33.0,0
165,165,Jamie Colleen,63,115.0,63,3.11,0.61,5.66,0.33,0.52,0.33,0.5,1.6,0,1,0,0,40.0,0
166,166,Jake Collier,75,230.0,75,4.92,0.41,4.09,0.53,0.57,0.23,0.67,0.4,0,1,0,0,37.0,0
167,167,Carlos Condit,74,170.0,74,3.63,0.39,2.49,0.56,0.62,0.54,0.39,1.0,0,1,0,0,41.0,0
168,168,Montserrat Conejo,60,115.0,60,1.0,0.36,2.07,0.52,4.0,0.8,0.0,2.0,0,0,1,0,33.0,0
169,169,Amanda Cooper,63,115.0,63,3.55,0.44,3.2,0.51,1.53,0.38,0.28,1.8,0,0,0,1,34.0,1
170,170,Daniel Cormier,71,235.0,71,4.25,0.52,2.92,0.54,1.83,0.44,0.8,0.4,0,1,0,0,47.0,0
171,171,Patrick Cote,71,170.0,71,2.81,0.48,3.21,0.48,0.68,0.2,0.43,0.2,0,1,0,0,46.0,0
172,172,Ryan Couture,70,155.0,70,3.54,0.45,2.87,0.54,1.55,0.29,0.46,1.3,0,1,0,0,43.0,0
173,173,Colby Covington,71,170.0,71,4.12,0.38,2.86,0.55,4.61,0.5,0.75,0.1,0,1,0,0,38.0,0
174,174,Paul Craig,75,205.0,75,2.4,0.49,2.43,0.49,2.11,0.26,0.55,1.5,0,1,0,0,38.0,0
175,175,Tim Credeur,75,185.0,75,3.59,0.3,3.13,0.57,0.41,1.0,0.5,3.3,0,1,0,0,48.0,0
176,176,Randy Couture,73,205.0,73,2.85,0.57,1.53,0.59,2.78,0.46,0.58,0.5,0,1,0,0,62.0,0
177,177,Kevin Croom,71,155.0,71,1.35,0.36,3.22,0.31,0.97,0.06,0.5,1.0,0,1,0,0,38.0,0
178,178,Jimmy Crute,74,205.0,74,4.36,0.57,2.31,0.54,4.33,0.75,0.6,2.4,0,1,0,0,30.0,0
179,179,Dominick Cruz,68,135.0,68,3.65,0.32,2.42,0.72,2.99,0.46,0.83,0.1,0,1,0,0,41.0,0
180,180,Luke Cummo,72,170.0,72,1.74,0.43,1.5,0.59,0.89,0.55,0.42,1.4,0,1,0,0,45.0,0
181,181,Allen Crowder,75,245.0,75,2.95,0.51,2.95,0.56,1.85,0.33,1.0,1.2,0,1,0,0,36.0,0
182,182,Patrick Cummins,74,205.0,74,4.26,0.5,3.35,0.55,4.49,0.41,0.28,0.1,0,1,0,0,45.0,0
183,183,Kailin Curran,64,115.0,64,3.89,0.43,4.75,0.53,2.0,0.57,0.61,0.6,0,1,0,0,34.0,1
184,184,Jeff Curran,66,135.0,66,1.54,0.31,2.48,0.6,0.35,0.12,0.35,1.2,0,1,0,0,48.0,0
185,185,Daron Cruickshank,68,155.0,68,2.88,0.38,2.98,0.57,2.04,0.41,0.6,0.2,0,0,0,1,40.0,0
186,186,Henrique da Silva,75,205.0,75,3.89,0.6,5.28,0.4,0.25,0.14,0.22,0.2,0,1,0,0,36.0,0
187,187,Alex Da Silva,68,155.0,68,2.07,0.46,2.65,0.55,2.75,0.43,0.77,0.4,0,1,0,0,30.0,0
188,188,Zak Cummings,72,185.0,72,2.58,0.32,2.83,0.55,0.68,0.28,0.65,0.7,0,0,1,0,41.0,0
189,189,Aisling Daly,62,115.0,62,2.92,0.52,1.4,0.55,2.15,0.41,0.33,0.9,0,1,0,0,38.0,1
190,190,Rodrigo Damm,67,155.0,67,3.5,0.36,5.61,0.57,0.44,0.16,0.8,0.3,0,1,0,0,46.0,0
191,191,Mac Danzig,68,155.0,68,3.39,0.48,3.44,0.57,1.2,0.37,0.46,0.6,0,1,0,0,46.0,0
192,192,Beneil Dariush,70,155.0,70,4.0,0.49,2.72,0.59,2.03,0.32,0.81,1.0,0,0,1,0,36.0,0
193,193,Kyle Daukaus,75,185.0,75,3.69,0.59,2.16,0.42,2.33,0.41,0.94,1.7,0,0,1,0,33.0,0
194,194,Marcus Davis,70,170.0,70,2.72,0.39,2.79,0.65,1.6,0.48,0.47,1.4,0,0,1,0,52.0,0
195,195,LC Davis,68,135.0,68,2.04,0.3,2.1,0.59,2.27,0.46,0.66,0.2,0,0,1,0,45.0,0
196,196,Phil Davis,74,205.0,74,2.85,0.34,1.33,0.72,2.99,0.38,0.72,0.6,0,1,0,0,41.0,0
197,197,Alexis Davis,66,135.0,66,4.18,0.47,4.18,0.55,0.94,0.4,0.34,0.8,0,1,0,0,41.0,1
198,198,Brandon Davis,70,135.0,70,4.65,0.35,4.33,0.6,0.71,0.45,0.56,0.1,0,1,0,0,35.0,0
199,199,Grant Dawson,70,145.0,70,3.4,0.48,2.1,0.51,3.44,0.34,0.4,1.6,0,0,0,1,32.0,0
200,200,Martin Day,70,145.0,70,3.97,0.45,3.79,0.53,0.72,0.6,0.65,0.5,0,1,0,0,37.0,0
201,201,Philip De Fries,77,250.0,77,2.3,0.47,3.0,0.37,3.29,0.42,1.0,0.6,0,1,0,0,39.0,0
202,202,Chris de la Rocha,75,250.0,75,4.08,0.45,6.37,0.43,2.02,0.3,0.33,1.0,0,1,0,0,46.0,0
203,203,Montana De La Rosa,67,125.0,67,2.85,0.36,3.39,0.45,2.14,0.28,0.57,1.2,0,1,0,0,31.0,1
204,204,Mark De La Rosa,66,135.0,66,3.13,0.35,5.0,0.48,0.54,0.13,0.4,0.2,0,1,0,0,31.0,0
205,205,Isabela de Padua,63,125.0,63,1.0,0.35,2.07,0.5,2.0,0.66,0.0,1.0,0,1,0,0,34.0,1
206,206,Rolando Delgado,75,155.0,75,1.56,0.4,1.83,0.62,1.17,0.22,0.0,3.5,0,1,0,0,44.0,0
207,207,Jon Delos Reyes,66,125.0,66,2.99,0.38,4.14,0.51,3.2,0.83,0.55,1.9,0,1,0,0,38.0,0
208,208,Roland Delorme,69,135.0,69,2.28,0.44,4.32,0.4,2.51,0.34,0.42,1.6,0,1,0,0,42.0,0
209,209,Tony DeSouza,72,170.0,72,1.12,0.52,1.57,0.41,2.25,0.42,0.4,1.5,0,0,1,0,51.0,0
210,210,Mackenzie Dern,64,115.0,64,3.74,0.38,3.81,0.61,0.28,0.05,0.0,2.2,0,1,0,0,33.0,1
211,211,Cyrille Diabate,78,205.0,78,4.06,0.71,1.78,0.6,1.17,0.83,0.53,0.2,0,0,1,0,52.0,0
212,212,Hacran Dias,68,155.0,68,2.08,0.41,3.31,0.55,2.5,0.39,0.76,0.5,0,1,0,0,41.0,0
213,213,Nick Diaz,73,185.0,73,5.43,0.42,3.56,0.61,1.32,0.33,0.6,1.0,0,0,1,0,42.0,0
214,214,Nate Diaz,72,170.0,72,4.62,0.45,3.78,0.53,1.19,0.3,0.42,1.4,0,0,1,0,40.0,0
215,215,TJ Dillashaw,66,125.0,66,5.37,0.41,3.03,0.65,1.68,0.37,0.86,1.0,0,1,0,0,40.0,0
216,216,Russell Doane,67,135.0,67,1.75,0.4,1.68,0.53,2.11,0.45,0.52,0.8,0,1,0,0,39.0,0
217,217,Drew Dober,68,155.0,68,4.33,0.4,3.87,0.54,0.8,0.17,0.55,0.1,0,0,1,0,37.0,0
218,218,Joe Doerksen,72,185.0,72,1.43,0.42,2.79,0.5,2.02,0.33,0.33,2.3,0,1,0,0,48.0,0
219,219,CB Dollaway,74,185.0,74,2.65,0.47,2.58,0.54,3.55,0.54,0.62,1.2,0,1,0,0,42.0,0
220,220,Cody Donovan,75,205.0,75,5.61,0.59,5.44,0.45,1.67,0.28,0.0,1.7,0,1,0,0,45.0,0
221,221,Roman Dolidze,74,205.0,74,2.98,0.51,1.75,0.61,1.75,0.5,0.33,2.2,0,1,0,0,37.0,0
222,222,Anderson Dos Santos,65,135.0,65,2.66,0.28,4.8,0.55,1.3,0.18,0.66,0.9,0,1,0,0,40.0,0
223,223,Tiago dos Santos e Silva,69,145.0,69,3.69,0.35,4.23,0.59,0.63,0.11,0.33,0.3,0,1,0,0,38.0,0
224,224,Junior Dos Santos,76,238.0,76,4.49,0.47,3.33,0.56,0.3,0.5,0.81,0.1,0,1,0,0,42.0,0
225,225,Rafael Dos Anjos,68,155.0,68,3.49,0.46,3.22,0.61,1.93,0.37,0.58,0.6,0,0,1,0,41.0,0
226,226,Tomasz Drwal,73,205.0,73,3.29,0.38,2.26,0.57,3.55,0.6,0.82,0.4,0,1,0,0,44.0,0
227,227,Jessamyn Duke,71,135.0,71,4.83,0.53,4.43,0.57,1.27,0.36,0.5,1.9,0,1,0,0,39.0,1
228,228,Joe Duffy,70,155.0,70,2.68,0.34,3.78,0.54,0.96,0.66,0.64,0.7,0,1,0,0,38.0,0
229,229,Cody Durden,67,125.0,67,3.11,0.48,3.93,0.41,3.28,0.26,0.5,0.8,0,0,1,0,35.0,0
230,230,Reuben Duran,67,135.0,67,3.19,0.49,2.61,0.5,0.98,0.23,0.25,0.7,0,1,0,0,42.0,0
231,231,Evan Dunham,70,155.0,70,5.33,0.39,3.54,0.61,1.82,0.33,0.79,1.0,0,0,1,0,44.0,0
232,232,Merab Dvalishvili,66,135.0,66,3.91,0.39,2.08,0.61,7.71,0.43,0.8,0.3,0,1,0,0,35.0,0
233,233,Brian Ebersole,72,170.0,72,2.32,0.49,2.14,0.56,1.7,0.23,0.61,0.1,0,0,1,0,45.0,0
234,234,Frankie Edgar,66,135.0,66,3.7,0.39,2.71,0.66,2.28,0.31,0.65,0.3,0,1,0,0,44.0,0
235,235,Joselyne Edwards,68,135.0,68,4.2,0.53,3.83,0.46,0.5,0.16,0.37,0.5,0,1,0,0,30.0,1
236,236,Justin Edwards,70,155.0,70,2.68,0.42,3.32,0.51,2.14,0.26,0.27,1.0,0,1,0,0,43.0,0
237,237,Leon Edwards,74,170.0,74,2.56,0.47,2.03,0.55,1.35,0.3,0.7,0.4,0,0,1,0,34.0,0
238,238,Yves Edwards,69,155.0,69,2.91,0.42,2.34,0.66,0.76,0.53,0.69,0.7,0,0,1,0,49.0,0
239,239,Per Eklund,70,155.0,70,2.07,0.61,2.38,0.67,2.07,0.11,0.5,3.6,0,1,0,0,,0
240,240,Jake Ellenberger,69,170.0,69,2.47,0.39,2.83,0.6,2.04,0.47,0.86,0.4,0,1,0,0,41.0,0
241,241,Darren Elkins,70,145.0,70,3.5,0.38,3.08,0.52,2.7,0.33,0.58,1.2,0,1,0,0,41.0,0
242,242,Joe Ellenberger,69,155.0,69,1.62,0.47,3.45,0.48,3.17,0.4,0.0,1.1,0,1,0,0,41.0,0
243,243,Tim Elliott,67,125.0,67,3.35,0.45,2.49,0.59,4.01,0.49,0.58,1.1,0,0,1,0,39.0,0
244,244,Rob Emerson,69,155.0,69,2.5,0.3,2.83,0.64,2.02,0.52,0.65,0.4,0,1,0,0,44.0,0
245,245,Ramazan Emeev,70,170.0,70,2.5,0.45,1.98,0.66,2.33,0.29,0.66,0.5,0,0,1,0,38.0,0
246,246,Josh Emmett,66,145.0,66,4.32,0.39,4.02,0.63,1.43,0.47,0.5,0.1,0,1,0,0,41.0,0
247,247,Fedor Emelianenko,72,230.0,72,3.18,0.51,1.0,0.63,2.0,0.63,0.82,1.9,0,1,0,0,49.0,0
248,248,Julian Erosa,73,145.0,73,5.07,0.47,5.72,0.5,1.32,0.54,0.58,0.9,0,0,1,0,36.0,0
249,249,Efrain Escudero,69,155.0,69,2.92,0.44,2.3,0.63,1.31,0.4,0.66,0.8,0,1,0,0,40.0,0
250,250,Carla Esparza,61,115.0,61,2.29,0.42,2.85,0.53,3.44,0.35,0.48,0.3,0,1,0,0,38.0,1
251,251,Juan Espino,75,250.0,75,4.32,0.8,0.54,0.42,14.19,0.77,0.0,6.1,0,0,0,0,45.0,0
252,252,Jordan Espinosa,66,125.0,66,4.22,0.52,2.94,0.57,0.75,0.28,0.7,0.2,0,1,0,0,36.0,0
253,253,Terry Etim,73,155.0,73,2.16,0.35,2.53,0.67,0.43,0.3,0.39,1.4,0,1,0,0,40.0,0
254,254,Sijara Eubanks,64,135.0,64,4.52,0.43,3.69,0.57,1.88,0.46,0.65,0.4,0,1,0,0,40.0,1
255,255,Billy Evangelista,68,155.0,68,4.51,0.4,3.96,0.61,1.6,0.19,0.61,0.2,0,1,0,0,45.0,0
256,256,Tonya Evinger,67,135.0,67,1.16,0.42,4.02,0.38,0.93,0.3,0.33,0.9,0,1,0,0,44.0,1
257,257,Andre Ewell,68,135.0,68,4.42,0.41,4.25,0.52,0.29,0.66,0.7,0.1,0,0,1,0,38.0,0
258,258,Jessica Eye,66,125.0,66,3.76,0.37,4.01,0.55,0.45,0.4,0.57,0.5,0,1,0,0,39.0,1
259,259,Wagnney Fabiano,66,145.0,66,1.19,0.38,0.66,0.7,3.44,0.64,1.0,0.4,0,0,1,0,50.0,0
260,260,Urijah Faber,66,135.0,66,2.65,0.4,2.59,0.64,1.54,0.3,0.58,0.8,0,1,0,0,46.0,0
261,261,Paul Felder,71,155.0,71,3.7,0.44,3.44,0.48,0.29,0.28,0.64,0.2,0,1,0,0,41.0,0
262,262,Kevin Ferguson,74,235.0,74,2.3,0.5,3.41,0.38,3.1,0.72,0.36,1.2,0,1,0,0,52.0,0
263,263,Tony Ferguson,71,155.0,71,5.46,0.45,3.94,0.59,0.45,0.42,0.7,1.1,0,1,0,0,42.0,0
264,264,Cezar Ferreira,73,185.0,73,1.9,0.42,2.44,0.53,2.69,0.53,0.84,0.5,0,0,1,0,41.0,0
265,265,Diego Ferreira,69,155.0,69,4.85,0.37,3.26,0.58,0.89,0.26,0.68,0.9,0,1,0,0,41.0,0
266,266,Drew Fickett,70,155.0,70,2.33,0.41,2.29,0.57,1.3,0.35,0.3,2.2,0,1,0,0,46.0,0
267,267,Deiveson Figueiredo,65,125.0,65,3.38,0.56,3.35,0.5,1.57,0.5,0.61,2.4,0,1,0,0,38.0,0
268,268,Edwin Figueroa,67,135.0,67,2.57,0.39,3.06,0.51,0.2,1.0,0.37,0.6,0,1,0,0,41.0,0
269,269,Andre Fili,71,145.0,71,3.73,0.36,3.9,0.52,2.5,0.49,0.64,0.2,0,1,0,0,35.0,0
270,270,Mirko Filipovic,74,230.0,74,2.11,0.5,1.89,0.63,0.19,0.4,0.78,0.3,0,0,1,0,51.0,0
271,271,Luigi Fioravanti,68,170.0,68,2.23,0.42,2.21,0.69,3.76,0.63,0.67,0.9,0,1,0,0,45.0,0
272,272,Spencer Fisher,67,155.0,67,3.17,0.43,3.03,0.64,0.67,0.3,0.6,0.8,0,0,1,0,49.0,0
273,273,Chris Fishgold,68,145.0,68,2.01,0.32,2.7,0.46,2.59,0.46,0.44,1.3,0,1,0,0,33.0,0
274,274,Jimmy Flick,67,125.0,67,1.99,0.58,2.3,0.5,1.81,0.5,0.0,7.2,0,1,0,0,35.0,0
275,275,Jon Fitch,72,170.0,72,2.61,0.5,1.65,0.54,3.6,0.51,0.56,0.8,0,1,0,0,48.0,0
276,276,Kenny Florian,70,145.0,70,2.41,0.4,1.85,0.63,2.22,0.33,0.6,1.3,0,0,1,0,49.0,0
277,277,Rob Font,68,135.0,68,5.21,0.42,3.83,0.62,1.2,0.36,0.48,0.8,0,1,0,0,38.0,0
278,278,Jesse Forbes,74,185.0,74,2.11,0.24,4.06,0.53,1.79,0.75,0.66,1.2,0,0,1,0,41.0,0
279,279,Marcel Fortuna,73,205.0,73,3.83,0.46,4.52,0.64,0.45,0.08,0.75,0.5,0,1,0,0,40.0,0
280,280,Jussier Formiga,65,125.0,65,1.42,0.39,2.34,0.64,1.82,0.35,0.87,0.6,0,1,0,0,40.0,0
281,281,Brian Foster,69,170.0,69,3.3,0.39,1.63,0.65,3.67,0.6,0.37,1.8,0,1,0,0,42.0,0
282,282,John Franchi,66,145.0,66,1.83,0.48,2.59,0.48,2.68,0.8,0.4,0.3,0,1,0,0,43.0,0
283,283,Hermes Franca,66,155.0,66,1.78,0.39,2.85,0.55,1.53,0.36,0.37,2.4,0,1,0,0,51.0,0
284,284,Glaico Franca Moreira,72,155.0,72,2.35,0.42,3.46,0.47,2.68,0.42,0.76,0.3,0,1,0,0,35.0,0
285,285,Rich Franklin,73,185.0,73,4.1,0.44,2.07,0.62,1.31,0.66,0.63,0.7,0,0,1,0,51.0,0
286,286,Patricio Freire,65,145.0,65,2.84,0.41,4.43,0.6,0.6,0.18,0.94,0.6,0,0,0,0,38.0,0
287,287,Matt Frevola,69,155.0,69,2.73,0.37,3.44,0.58,2.59,0.37,0.4,1.1,0,1,0,0,35.0,0
288,288,Jinh Yu Frey,63,115.0,63,1.79,0.4,3.35,0.44,1.06,0.42,0.83,0.7,0,0,1,0,40.0,1
289,289,Claudia Gadelha,64,115.0,64,3.31,0.41,4.57,0.57,3.03,0.42,0.58,0.7,0,1,0,0,37.0,1
290,290,Mitch Gagnon,65,135.0,65,2.76,0.46,2.21,0.61,1.16,0.25,0.65,1.9,0,0,1,0,41.0,0
291,291,Mickey Gall,74,170.0,74,2.55,0.46,3.65,0.42,1.15,0.26,0.4,2.1,0,0,0,1,34.0,0
292,292,Manvel Gamburyan,65,135.0,65,2.13,0.41,2.83,0.55,3.26,0.34,0.69,0.7,0,1,0,0,44.0,0
293,293,Ciryl Gane,76,245.0,76,5.04,0.55,1.85,0.69,1.13,0.26,1.0,0.5,0,1,0,0,35.0,0
294,294,Leonard Garcia,70,145.0,70,2.77,0.24,4.79,0.52,0.3,0.26,0.42,0.5,0,1,0,0,46.0,0
295,295,Edgar Garcia,70,170.0,70,3.16,0.29,4.23,0.6,2.21,0.57,0.5,0.6,0,1,0,0,42.0,0
296,296,Alex Garcia,69,170.0,69,1.81,0.31,3.03,0.59,3.72,0.52,0.66,0.1,0,1,0,0,38.0,0
297,297,Steve Garcia,72,155.0,72,4.31,0.55,2.52,0.36,0.61,0.25,1.0,0.6,0,0,1,0,33.0,0
298,298,Elias Garcia,65,125.0,65,1.59,0.27,5.05,0.5,0.68,0.14,0.33,1.4,0,0,1,0,33.0,0
299,299,Pablo Garza,73,145.0,73,3.37,0.44,2.7,0.5,0.94,0.25,0.15,1.3,0,1,0,0,42.0,0
300,300,Kelvin Gastelum,69,185.0,69,3.64,0.43,2.92,0.59,1.22,0.39,0.64,0.1,0,0,1,0,34.0,0
301,301,Louis Gaudinot,63,125.0,63,2.34,0.37,6.42,0.48,0.57,0.4,0.31,1.1,0,1,0,0,41.0,0
302,302,Chad George,66,135.0,66,1.26,0.5,1.11,0.65,3.08,0.46,0.0,1.3,0,0,1,0,43.0,0
303,303,Christos Giagos,70,155.0,70,2.88,0.41,2.59,0.51,3.11,0.39,0.5,0.3,0,1,0,0,36.0,0
304,304,Cody Gibson,70,135.0,70,2.47,0.31,2.54,0.63,1.85,0.38,0.58,0.4,0,1,0,0,38.0,0
305,305,Trevin Giles,72,185.0,72,3.26,0.56,1.88,0.62,1.37,0.8,0.79,0.3,0,1,0,0,33.0,0
306,306,Gregor Gillespie,67,155.0,67,3.58,0.49,2.14,0.6,7.02,0.47,0.0,0.9,0,1,0,0,39.0,0
307,307,Rick Glenn,72,145.0,72,4.31,0.42,4.29,0.53,0.67,0.13,0.66,0.3,0,0,1,0,36.0,0
308,308,Marcelo Golm,75,249.0,75,4.27,0.58,4.3,0.45,0.45,0.5,0.87,0.5,0,1,0,0,33.0,0
309,309,Frank Gomez,70,135.0,70,1.52,0.48,0.79,0.66,1.14,0.6,0.7,0.8,0,1,0,0,40.0,0
310,310,Akihiro Gono,67,170.0,67,2.18,0.48,2.67,0.63,1.01,0.84,0.46,0.5,0,0,0,1,51.0,0
311,311,Takanori Gomi,67,155.0,67,3.81,0.41,3.52,0.6,1.23,0.65,0.63,0.8,0,0,1,0,47.0,0
312,312,Gabriel Gonzaga,74,242.0,74,2.12,0.45,2.94,0.57,2.8,0.39,0.66,1.1,0,1,0,0,46.0,0
313,313,Fernando Gonzalez,69,170.0,69,4.47,0.47,4.03,0.65,0.86,0.33,0.43,1.4,0,0,1,0,42.0,0
314,314,Thibault Gouti,70,155.0,70,3.68,0.34,5.64,0.5,1.23,0.8,0.83,0.3,0,1,0,0,39.0,0
315,315,Jonathan Goulet,72,170.0,72,1.61,0.41,2.01,0.46,4.17,0.7,0.45,0.6,0,1,0,0,46.0,0
316,316,Wilson Gouveia,73,185.0,73,3.02,0.39,4.06,0.56,0.9,0.66,0.57,2.2,0,1,0,0,47.0,0
317,317,Roger Gracie,76,185.0,76,1.78,0.35,1.79,0.61,1.87,0.53,0.6,1.9,0,1,0,0,44.0,0
318,318,Kron Gracie,69,145.0,69,5.15,0.41,8.13,0.53,0.88,0.25,0.0,0.9,0,0,1,0,37.0,0
319,319,Davey Grant,68,135.0,68,3.93,0.47,2.47,0.63,2.3,0.45,0.66,0.2,0,1,0,0,40.0,0
320,320,TJ Grant,70,155.0,70,3.95,0.54,3.21,0.56,1.63,0.43,0.36,0.6,0,1,0,0,42.0,0
321,321,Tony Gravely,65,135.0,65,3.69,0.55,3.16,0.42,5.6,0.51,0.5,0.8,0,1,0,0,34.0,0
322,322,Alexa Grasso,65,125.0,65,4.96,0.43,3.61,0.64,0.28,0.4,0.6,0.6,0,1,0,0,32.0,1
323,323,Michael Graves,70,170.0,70,1.25,0.54,1.47,0.58,4.8,0.52,0.66,0.4,0,1,0,0,35.0,0
324,324,Max Griffin,71,170.0,71,4.14,0.48,3.94,0.56,1.7,0.51,0.66,0.5,0,1,0,0,40.0,0
325,325,Tyson Griffin,66,145.0,66,3.71,0.41,2.3,0.65,1.87,0.46,0.59,0.9,0,1,0,0,41.0,0
326,326,Gabe Green,70,170.0,70,6.57,0.46,7.23,0.49,1.0,1.0,0.57,0.5,0,0,0,1,32.0,0
327,327,Bobby Green,70,155.0,70,5.17,0.51,3.32,0.63,1.56,0.41,0.72,0.3,0,1,0,0,39.0,0
328,328,Matt Grice,68,145.0,68,4.09,0.53,2.69,0.56,2.19,0.37,0.82,0.5,0,1,0,0,44.0,0
329,329,Forrest Griffin,75,205.0,75,4.38,0.36,2.81,0.61,1.05,0.48,0.57,0.7,0,1,0,0,47.0,0
330,330,Jordan Griffin,70,145.0,70,2.6,0.46,3.18,0.48,0.78,0.23,0.42,1.8,0,0,1,0,36.0,0
331,331,Josh Grispi,71,145.0,71,1.44,0.41,3.71,0.5,1.97,0.36,0.16,2.2,0,1,0,0,37.0,0
332,332,Kendall Grove,78,185.0,78,2.31,0.41,2.4,0.54,0.49,0.45,0.56,1.7,0,1,0,0,43.0,0
333,333,Vik Grujic,71,170.0,71,2.24,0.48,3.39,0.41,1.18,0.33,0.26,0.4,0,1,0,0,49.0,0
334,334,Mike Grundy,67,145.0,67,2.15,0.43,4.09,0.58,4.25,0.38,1.0,0.6,0,1,0,0,39.0,0
335,335,Shannon Gugerty,70,155.0,70,1.25,0.39,1.88,0.58,2.13,0.27,0.5,3.4,0,1,0,0,44.0,0
336,336,Clay Guida,67,155.0,67,2.44,0.34,2.57,0.63,3.36,0.38,0.68,0.7,0,1,0,0,44.0,0
337,337,Melvin Guillard,69,155.0,69,2.96,0.4,1.85,0.66,1.3,0.63,0.61,0.2,0,1,0,0,43.0,0
338,338,Jorge Gurgel,67,155.0,67,3.37,0.32,3.62,0.62,0.81,0.23,0.6,0.5,0,1,0,0,49.0,0
339,339,John Gunderson,69,155.0,69,1.04,0.27,1.71,0.58,1.67,0.33,0.11,2.0,0,1,0,0,47.0,0
340,340,Alexander Gustafsson,77,205.0,77,4.02,0.4,3.42,0.51,1.54,0.39,0.83,0.4,0,1,0,0,39.0,0
341,341,Chris Gutierrez,69,145.0,69,4.3,0.57,2.45,0.59,0.57,0.6,0.73,0.2,0,1,0,0,34.0,0
342,342,Tim Hague,76,260.0,76,2.79,0.47,4.14,0.46,1.72,0.33,0.85,0.9,0,1,0,0,42.0,0
343,343,Mike Guymon,72,170.0,72,2.75,0.65,0.79,0.66,1.87,0.37,0.54,1.2,0,1,0,0,51.0,0
344,344,Damir Hadzovic,69,155.0,69,2.99,0.46,2.99,0.66,0.68,0.6,0.39,0.2,0,1,0,0,39.0,0
345,345,Ryan Hall,70,145.0,70,2.32,0.43,0.96,0.75,0.31,0.16,0.0,0.9,0,0,1,0,41.0,0
346,346,Dennis Hallman,69,155.0,69,1.12,0.44,1.96,0.43,1.79,0.3,0.25,2.1,0,1,0,0,50.0,0
347,347,Uriah Hall,72,185.0,72,3.34,0.51,3.54,0.53,0.67,0.38,0.69,0.2,0,1,0,0,41.0,0
348,348,Piotr Hallmann,69,155.0,69,3.98,0.45,3.17,0.58,2.55,0.44,0.7,0.4,0,1,0,0,38.0,0
349,349,Kay Hansen,62,115.0,62,3.57,0.59,3.03,0.54,2.19,0.25,1.0,1.6,0,1,0,0,26.0,1
350,350,Dan Hardy,72,170.0,72,2.46,0.35,3.44,0.51,0.73,0.35,0.35,0.4,0,1,0,0,43.0,0
351,351,Dale Hartt,70,155.0,70,1.14,0.35,1.55,0.66,1.22,1.0,0.25,2.5,0,1,0,0,47.0,0
352,352,Walt Harris,77,250.0,77,2.95,0.38,3.43,0.54,0.3,0.28,0.72,0.1,0,0,1,0,42.0,0
353,353,Clay Harvison,73,170.0,73,3.29,0.48,3.91,0.58,0.66,1.0,0.68,1.3,0,1,0,0,45.0,0
354,354,John Hathaway,73,170.0,73,3.4,0.4,1.8,0.62,2.61,0.43,0.6,0.9,0,1,0,0,38.0,0
355,355,Dustin Hazelett,73,170.0,73,2.24,0.4,3.51,0.46,0.55,0.5,0.25,4.1,0,1,0,0,39.0,0
356,356,James Head,73,170.0,73,2.75,0.48,3.11,0.49,0.41,1.0,0.66,0.8,0,1,0,0,42.0,0
357,357,Pat Healy,72,155.0,72,2.57,0.36,2.57,0.5,3.08,0.37,0.55,1.1,0,1,0,0,42.0,0
358,358,David Heath,71,205.0,71,1.48,0.3,5.16,0.49,0.33,0.5,0.57,1.0,0,1,0,0,50.0,0
359,359,Marcin Held,69,155.0,69,1.41,0.34,2.02,0.47,2.46,0.46,0.37,1.3,0,1,0,0,34.0,0
360,360,Ian Heinisch,71,185.0,71,3.28,0.5,2.79,0.58,1.13,0.18,0.6,0.8,0,1,0,0,37.0,0
361,361,Benson Henderson,69,170.0,69,2.93,0.45,1.79,0.63,2.4,0.45,0.63,0.8,0,0,1,0,42.0,0
362,362,Johny Hendricks,69,185.0,69,3.49,0.45,3.99,0.53,3.83,0.46,0.63,0.3,0,0,1,0,42.0,0
363,363,Dan Henderson,71,185.0,71,2.44,0.47,2.7,0.51,1.52,0.52,0.57,0.3,0,1,0,0,55.0,0
364,364,Luis Henrique,74,243.0,74,1.81,0.43,2.22,0.47,3.09,0.36,0.5,1.0,0,1,0,0,32.0,0
365,365,Danny Henry,72,145.0,72,5.2,0.51,4.16,0.45,0.74,0.33,0.5,2.2,0,1,0,0,37.0,0
366,366,Ed Herman,73,205.0,73,3.32,0.49,3.35,0.43,2.21,0.48,0.6,1.2,0,1,0,0,45.0,0
367,367,Jack Hermansson,73,185.0,73,5.03,0.44,3.46,0.54,1.96,0.34,0.75,0.7,0,1,0,0,37.0,0
368,368,Anthony Hernandez,72,185.0,72,4.92,0.55,5.09,0.47,3.76,0.66,0.7,1.9,0,1,0,0,32.0,0
369,369,Geane Herrera,65,125.0,65,1.51,0.31,5.07,0.52,0.83,0.37,0.38,0.6,0,1,0,0,35.0,0
370,370,Felice Herrig,64,115.0,64,3.63,0.36,4.84,0.49,1.18,0.3,0.72,0.9,0,1,0,0,41.0,1
371,371,Heath Herring,76,250.0,76,2.37,0.5,1.77,0.54,1.22,0.5,0.32,0.7,0,1,0,0,48.0,0
372,372,Marcus Hicks,66,155.0,66,1.42,0.43,3.06,0.61,2.7,0.53,0.25,4.0,0,0,1,0,50.0,0
373,373,Jimy Hettes,69,145.0,69,3.47,0.57,3.5,0.57,5.2,0.44,0.61,1.4,0,0,1,0,38.0,0
374,374,Jay Hieron,72,170.0,72,1.66,0.32,1.89,0.61,4.05,0.6,0.66,1.0,0,1,0,0,49.0,0
375,375,Jason High,68,155.0,68,1.28,0.42,1.56,0.48,2.36,0.63,0.37,2.8,0,0,1,0,44.0,0
376,376,Angela Hill,63,115.0,63,5.66,0.5,4.98,0.64,0.45,0.36,0.76,0.1,0,1,0,0,41.0,1
377,377,Hatsu Hioki,71,145.0,71,2.42,0.42,2.12,0.65,2.55,0.56,0.54,0.6,0,1,0,0,42.0,0
378,378,Kuniyoshi Hironaka,70,168.0,70,1.98,0.4,3.01,0.54,1.91,0.3,0.25,0.6,0,1,0,0,49.0,0
379,379,Mizuto Hirota,67,155.0,67,3.36,0.4,3.5,0.54,1.36,0.5,0.58,0.1,0,1,0,0,44.0,0
380,380,Kevin Holland,75,185.0,75,4.14,0.56,2.58,0.56,1.08,0.45,0.51,0.7,0,1,0,0,33.0,0
381,381,Andrew Holbrook,71,155.0,71,2.2,0.49,3.0,0.54,0.85,0.18,0.1,2.1,0,0,1,0,40.0,0
382,382,Max Holloway,71,145.0,71,7.26,0.46,4.58,0.6,0.21,0.71,0.84,0.3,0,1,0,0,34.0,0
383,383,Holly Holm,68,135.0,68,3.16,0.38,2.8,0.57,0.81,0.3,0.76,0.1,0,0,1,0,44.0,1
384,384,Kurt Holobaugh,71,155.0,71,4.51,0.42,4.28,0.46,0.97,0.36,0.45,0.7,0,1,0,0,39.0,0
385,385,Paddy Holohan,70,125.0,70,2.13,0.46,2.81,0.46,2.88,0.47,0.71,1.3,0,1,0,0,37.0,0
386,386,Scott Holtzman,69,155.0,69,4.44,0.49,3.47,0.54,2.16,0.58,0.66,0.2,0,1,0,0,42.0,0
387,387,Mark Hominick,68,145.0,68,4.08,0.42,4.18,0.69,0.25,0.66,0.71,0.9,0,1,0,0,43.0,0
388,388,Chase Hooper,73,145.0,73,4.43,0.45,3.95,0.38,0.32,0.07,0.66,2.2,0,0,1,0,26.0,0
389,389,Dan Hooker,72,155.0,72,4.95,0.48,4.92,0.51,0.72,0.34,0.79,0.3,0,0,0,1,36.0,0
390,390,Chris Horodecki,69,155.0,69,4.59,0.41,3.16,0.65,1.52,0.55,0.37,0.9,0,1,0,0,38.0,0
391,391,Jeremy Horn,73,185.0,73,1.19,0.39,1.99,0.55,1.83,0.38,0.29,1.1,0,1,0,0,50.0,0
392,392,Jeff Hougland,67,135.0,67,1.86,0.48,3.46,0.47,0.86,0.18,0.0,1.1,0,1,0,0,47.0,0
393,393,Darrell Horcher,70,155.0,70,2.05,0.44,4.21,0.39,0.35,0.5,0.47,0.7,0,0,1,0,38.0,0
394,394,John Howard,67,170.0,67,2.15,0.5,3.08,0.51,2.7,0.49,0.53,0.4,0,1,0,0,43.0,0
395,395,Collin Huckbody,75,185.0,75,2.05,0.6,2.73,0.42,10.23,1.0,0.0,20.4,0,1,0,0,31.0,0
396,396,Matt Hughes,69,170.0,69,2.14,0.53,1.36,0.53,2.95,0.5,0.35,1.2,0,0,0,1,52.0,0
397,397,Roger Huerta,69,155.0,69,3.64,0.36,2.33,0.56,2.13,0.46,0.52,0.5,0,1,0,0,42.0,0
398,398,Mark Hunt,70,265.0,70,2.81,0.43,2.9,0.51,0.51,0.55,0.64,0.2,0,1,0,0,52.0,0
399,399,Khadis Ibragimov,75,205.0,75,3.55,0.49,4.26,0.47,0.97,0.3,0.8,0.3,0,1,0,0,30.0,0
400,400,Al Iaquinta,70,155.0,70,4.06,0.4,4.44,0.61,0.64,0.18,0.74,0.2,0,1,0,0,38.0,0
401,401,Dan Ige,67,145.0,67,3.95,0.46,3.36,0.58,1.68,0.27,0.59,0.5,0,1,0,0,34.0,0
402,402,Nassourdine Imavov,75,185.0,75,4.17,0.61,2.03,0.59,0.5,0.12,0.6,2.0,0,1,0,0,31.0,0
403,403,Leandro Issa,67,135.0,67,2.08,0.37,3.17,0.58,2.38,0.22,0.5,1.2,0,1,0,0,42.0,0
404,404,Blagoy Ivanov,71,250.0,71,3.32,0.4,4.15,0.54,1.06,0.54,0.75,0.2,0,0,1,0,39.0,0
405,405,Yves Jabouin,67,135.0,67,3.06,0.41,2.93,0.62,1.94,0.6,0.82,0.1,0,1,0,0,46.0,0
406,406,Quinton Jackson,73,205.0,73,3.25,0.54,2.51,0.55,1.52,0.56,0.73,0.1,0,1,0,0,47.0,0
407,407,Damon Jackson,71,145.0,71,2.46,0.35,3.63,0.45,1.14,0.2,0.35,2.7,0,0,0,1,37.0,0
408,408,Montel Jackson,70,135.0,70,3.77,0.55,1.5,0.56,4.15,0.77,0.66,0.2,0,0,1,0,33.0,0
409,409,Virna Jandiroba,63,115.0,63,2.39,0.46,3.08,0.54,3.16,0.53,0.73,2.0,0,1,0,0,37.0,1
410,410,Dave Jansen,69,155.0,69,2.94,0.33,3.67,0.58,2.79,0.28,0.38,0.9,0,1,0,0,46.0,0
411,411,Keith Jardine,74,185.0,74,3.25,0.36,2.98,0.59,1.18,0.45,0.62,0.7,0,1,0,0,50.0,0
412,412,Rony Jason,67,145.0,67,2.04,0.44,3.14,0.53,0.59,0.3,0.36,0.8,0,1,0,0,42.0,0
413,413,Joanna Jedrzejczyk,66,115.0,66,6.3,0.48,3.08,0.64,0.28,0.62,0.81,0.1,0,1,0,0,38.0,1
414,414,Ryan Jensen,73,185.0,73,2.84,0.39,2.99,0.59,1.55,0.5,0.31,1.9,0,1,0,0,48.0,0
415,415,Sung Bin Jo,72,145.0,72,1.4,0.33,2.67,0.51,1.0,0.33,0.83,1.0,0,1,0,0,33.0,0
416,416,Brett Johns,67,135.0,67,2.86,0.49,3.84,0.53,4.92,0.49,0.58,1.0,0,1,0,0,34.0,0
417,417,DaMarques Johnson,73,170.0,73,2.11,0.37,3.75,0.51,1.18,0.55,0.19,0.7,0,1,0,0,43.0,0
418,418,Lavar Johnson,76,240.0,76,5.39,0.55,2.54,0.55,0.61,0.66,0.54,0.6,0,1,0,0,48.0,0
419,419,Kajan Johnson,71,155.0,71,2.47,0.42,1.59,0.64,1.54,0.37,0.62,0.2,0,1,0,0,41.0,0
420,420,Demetrious Johnson,63,125.0,63,3.43,0.54,1.66,0.67,3.35,0.56,0.65,0.5,0,1,0,0,39.0,0
421,421,Michael Johnson,70,155.0,70,4.21,0.38,3.82,0.58,0.49,0.45,0.77,0.1,0,0,1,0,39.0,0
422,422,Jordan Johnson,74,205.0,74,3.45,0.47,2.64,0.53,3.25,0.42,1.0,1.2,0,1,0,0,37.0,0
423,423,Anthony Johnson,74,205.0,74,3.25,0.47,1.83,0.6,2.43,0.57,0.77,0.6,0,1,0,0,42.0,0
424,424,Liana Jojua,64,125.0,64,2.53,0.39,4.86,0.48,1.49,0.66,0.5,2.2,0,1,0,0,31.0,1
425,425,Jon Jones,76,205.0,76,4.3,0.57,2.22,0.64,1.85,0.44,0.95,0.4,0,1,0,0,38.0,0
426,426,Shawn Jordan,72,260.0,72,2.87,0.5,3.3,0.47,1.97,0.38,0.76,0.1,0,0,1,0,41.0,0
427,427,Ivan Jorge,69,155.0,69,3.41,0.49,2.91,0.59,1.56,0.16,0.75,0.6,0,1,0,0,45.0,0
428,428,Scott Jorgensen,65,135.0,65,3.37,0.4,3.41,0.65,2.61,0.45,0.59,0.7,0,1,0,0,43.0,0
429,429,Krzysztof Jotko,73,185.0,73,2.98,0.45,1.9,0.58,1.27,0.35,0.87,0.1,0,0,1,0,36.0,0
430,430,Alan Jouban,72,170.0,72,5.67,0.5,3.77,0.6,0.51,0.44,0.58,0.3,0,0,1,0,44.0,0
431,431,Chan Sung Jung,67,145.0,67,4.15,0.41,4.01,0.56,0.62,0.41,0.75,0.5,0,1,0,0,39.0,0
432,432,Myles Jury,70,145.0,70,2.94,0.42,2.16,0.66,2.16,0.55,0.5,0.3,0,1,0,0,37.0,0
433,433,Cristiane Justino,68,145.0,68,7.28,0.52,2.25,0.64,0.66,0.55,0.94,0.4,0,1,0,0,40.0,1
434,434,Kai Kamaka,67,145.0,67,6.58,0.6,6.74,0.49,3.68,0.75,0.37,0.6,0,1,0,0,31.0,0
435,435,Martin Kampmann,72,170.0,72,3.22,0.42,3.28,0.62,1.86,0.41,0.78,2.0,0,1,0,0,43.0,0
436,436,Masanori Kanehara,67,135.0,67,1.88,0.49,1.63,0.62,1.44,0.5,0.63,0.9,0,1,0,0,43.0,0
437,437,Kyung Ho Kang,69,135.0,69,2.52,0.44,2.43,0.58,2.53,0.59,0.71,1.1,0,1,0,0,38.0,0
438,438,Denis Kang,71,185.0,71,2.27,0.35,1.65,0.67,2.51,0.65,0.38,1.2,0,1,0,0,48.0,0
439,439,Alex Karalexis,68,155.0,68,2.57,0.42,2.39,0.54,2.7,0.45,0.86,0.9,0,1,0,0,48.0,0
440,440,Nadia Kassem,65,125.0,65,3.13,0.41,4.48,0.48,0.46,0.33,0.4,2.8,0,0,1,0,30.0,1
441,441,Tatsuya Kawajiri,67,145.0,67,2.04,0.44,2.01,0.5,3.63,0.48,0.63,1.1,0,1,0,0,47.0,0
442,442,Brian Kelleher,66,145.0,66,3.92,0.39,5.47,0.53,1.0,0.25,0.59,0.7,0,0,0,1,39.0,0
443,443,Chris Kelades,67,125.0,67,2.4,0.43,2.64,0.48,1.04,0.18,0.53,0.3,0,1,0,0,45.0,0
444,444,Daniel Kelly,72,185.0,72,3.62,0.38,4.64,0.61,1.86,0.34,0.78,0.3,0,0,1,0,48.0,0
445,445,Paul Kelly,69,155.0,69,3.22,0.37,2.61,0.59,1.34,0.6,0.3,1.5,0,1,0,0,41.0,0
446,446,Tim Kennedy,71,185.0,71,2.78,0.47,1.84,0.62,2.58,0.35,0.7,0.7,0,1,0,0,46.0,0
447,447,Casey Kenney,67,140.0,67,4.81,0.42,4.3,0.59,1.1,0.39,0.59,0.5,0,0,1,0,35.0,0
448,448,Rustam Khabilov,68,155.0,68,1.98,0.34,2.16,0.65,3.95,0.41,0.61,0.1,0,1,0,0,39.0,0
449,449,Aliaskhab Khizriev,69,185.0,69,6.0,0.83,3.6,0.66,18.0,0.5,0.0,18.0,0,0,1,0,35.0,0
450,450,Katsunori Kikuno,68,145.0,68,2.64,0.4,2.47,0.61,1.88,0.75,0.76,0.8,0,1,0,0,44.0,0
451,451,Jacob Kilburn,69,145.0,69,2.56,0.33,6.78,0.35,0.51,0.05,0.2,0.5,0,1,0,0,30.0,0
452,452,Pannie Kianzad,67,135.0,67,5.14,0.49,3.62,0.57,0.22,0.14,0.83,0.2,0,1,0,0,34.0,1
453,453,Dong Hyun Kim,74,170.0,74,2.12,0.49,1.89,0.58,2.93,0.43,0.71,0.6,0,0,1,0,44.0,0
454,454,Dustin Kimura,67,135.0,67,1.33,0.21,3.82,0.51,0.93,0.37,0.5,2.2,0,1,0,0,36.0,0
455,455,Rob Kimmons,70,185.0,70,1.86,0.48,4.79,0.38,2.08,0.46,0.25,2.4,0,1,0,0,45.0,0
456,456,Justine Kish,65,125.0,65,4.65,0.48,4.62,0.59,1.01,0.35,0.55,0.2,0,1,0,0,37.0,1
457,457,William Knight,70,205.0,70,4.69,0.76,2.88,0.33,3.76,0.66,0.63,0.5,0,1,0,0,37.0,0
458,458,Jason Knight,70,145.0,70,2.95,0.33,3.02,0.51,1.31,0.31,0.47,1.7,0,1,0,0,33.0,0
459,459,Erik Koch,70,170.0,70,2.33,0.42,2.82,0.47,1.02,0.42,0.81,1.0,0,0,1,0,37.0,0
460,460,Cheick Kongo,76,240.0,76,3.33,0.56,1.28,0.54,2.3,0.56,0.52,0.2,0,1,0,0,50.0,0
461,461,Naoyuki Kotani,68,155.0,68,1.02,0.31,2.89,0.5,0.83,0.16,0.46,0.8,0,0,1,0,44.0,0
462,462,Josh Koscheck,70,170.0,70,1.79,0.36,2.27,0.63,2.46,0.48,0.64,0.4,0,1,0,0,48.0,0
463,463,Karolina Kowalkiewicz,63,115.0,63,5.27,0.39,5.65,0.56,0.1,0.12,0.75,0.1,0,1,0,0,40.0,1
464,464,Derrick Krantz,70,170.0,70,2.07,0.37,4.03,0.5,3.18,0.5,0.0,0.8,0,1,0,0,38.0,0
465,465,James Krause,74,170.0,74,4.79,0.49,4.11,0.61,0.96,0.18,0.59,0.9,0,1,0,0,39.0,0
466,466,Nikita Krylov,75,205.0,75,4.33,0.56,2.52,0.43,1.34,0.33,0.55,1.3,0,1,0,0,34.0,0
467,467,Mariusz Ksiazkiewicz,75,185.0,75,0.93,0.45,3.4,0.39,4.0,1.0,0.0,2.0,0,0,1,0,36.0,0
468,468,Anton Kuivanen,68,155.0,68,2.27,0.38,1.63,0.67,1.2,1.0,0.71,0.4,0,1,0,0,41.0,0
469,469,Kiichi Kunimoto,70,170.0,70,1.87,0.44,3.92,0.41,1.59,0.2,0.28,0.3,0,1,0,0,44.0,0
470,470,Yana Kunitskaya,66,135.0,66,4.22,0.57,2.62,0.51,1.62,0.53,0.5,0.2,0,1,0,0,36.0,0
471,471,Mike Kyle,76,205.0,76,3.93,0.51,3.35,0.49,1.33,0.62,0.5,0.8,0,1,0,0,46.0,0
472,472,Ryan LaFlare,73,170.0,73,2.89,0.4,1.86,0.63,2.13,0.44,0.58,0.2,0,0,1,0,42.0,0
473,473,Aspen Ladd,66,135.0,66,5.22,0.55,4.84,0.46,2.45,0.75,0.66,1.2,0,1,0,0,31.0,1
474,474,Noad Lahat,69,145.0,69,2.79,0.46,1.47,0.63,2.37,0.26,0.16,2.4,0,1,0,0,41.0,0
475,475,Jason Lambert,75,185.0,75,3.21,0.58,1.84,0.5,1.35,0.36,0.28,2.4,0,1,0,0,50.0,0
476,476,Ricardo Lamas,68,145.0,68,3.13,0.47,2.87,0.57,1.84,0.33,0.46,0.9,0,1,0,0,43.0,0
477,477,Taylor Lapilus,66,135.0,66,3.77,0.45,2.0,0.61,0.58,0.4,0.81,0.6,0,0,1,0,33.0,0
478,478,Lina Lansberg,67,135.0,67,2.76,0.57,3.7,0.44,0.71,0.33,0.5,0.1,0,1,0,0,44.0,1
479,479,Brock Larson,71,170.0,71,1.39,0.46,1.5,0.55,2.67,0.34,0.43,2.0,0,0,1,0,48.0,0
480,480,Ilir Latifi,70,205.0,70,2.01,0.4,2.84,0.56,2.02,0.32,1.0,0.4,0,1,0,0,42.0,0
481,481,Jenel Lausa,65,125.0,65,1.44,0.42,3.53,0.53,0.55,0.66,0.51,0.8,0,1,0,0,37.0,0
482,482,Joe Lauzon,70,155.0,70,2.84,0.39,5.39,0.54,2.39,0.45,0.54,2.0,0,1,0,0,41.0,0
483,483,Tom Lawlor,72,205.0,72,2.5,0.42,2.41,0.6,2.46,0.32,0.57,1.4,0,0,1,0,42.0,0
484,484,Lorenz Larkin,71,170.0,71,3.53,0.46,2.74,0.63,0.27,0.42,0.79,0.1,0,1,0,0,39.0,0
485,485,Ronnie Lawrence,68,135.0,68,3.8,0.58,1.09,0.61,10.86,0.76,1.0,0.5,0,0,0,1,33.0,0
486,486,Cung Le,69,185.0,69,4.36,0.48,2.98,0.66,1.37,0.71,0.88,0.3,0,0,1,0,53.0,0
487,487,Jordan Leavitt,69,155.0,69,1.08,0.55,0.43,0.75,6.5,0.66,0.0,3.2,0,0,1,0,30.0,0
488,488,Chris Leben,71,185.0,71,2.87,0.42,2.87,0.52,1.14,0.41,0.53,0.8,0,0,1,0,45.0,0
489,489,Justin Ledet,76,205.0,76,3.35,0.39,4.82,0.49,0.23,0.5,0.42,0.2,0,1,0,0,37.0,0
490,490,Vaughan Lee,66,125.0,66,3.47,0.47,2.07,0.7,0.81,0.33,0.72,1.0,0,1,0,0,43.0,0
491,491,Andrea Lee,66,125.0,66,5.58,0.49,3.83,0.65,1.67,0.45,0.57,0.5,0,1,0,0,37.0,1
492,492,Kevin Lee,69,170.0,69,3.9,0.42,3.23,0.51,3.21,0.43,0.75,0.8,0,1,0,0,33.0,0
493,493,Thales Leites,73,185.0,73,2.13,0.4,2.99,0.52,2.1,0.27,0.3,1.1,0,1,0,0,44.0,0
494,494,Amanda Lemos,64,115.0,64,6.21,0.64,5.39,0.45,1.98,1.0,1.0,0.5,0,0,1,0,38.0,1
495,495,Jesse Lennox,69,170.0,69,2.69,0.32,3.2,0.64,1.22,0.66,0.63,0.3,0,1,0,0,44.0,0
496,496,Nik Lentz,68,145.0,68,3.44,0.47,3.25,0.5,3.3,0.32,0.43,1.2,0,1,0,0,41.0,0
497,497,Brock Lesnar,75,265.0,75,3.53,0.72,2.11,0.5,3.9,0.55,0.6,0.5,0,1,0,0,48.0,0
498,498,Valerie Letourneau,67,115.0,67,4.51,0.37,5.4,0.58,0.77,0.45,0.66,0.3,0,1,0,0,42.0,1
499,499,Marcus LeVesseur,69,155.0,69,2.55,0.64,3.7,0.37,3.89,0.36,0.83,0.6,0,0,1,0,43.0,0
500,500,Natan Levy,69,155.0,69,1.65,0.6,0.82,0.57,2.75,1.0,1.0,2.8,0,0,1,0,34.0,0
501,501,Hyun Gyu Lim,75,170.0,75,4.45,0.41,5.07,0.51,0.23,1.0,0.73,0.2,0,1,0,0,41.0,0
502,502,Dhiego Lima,74,170.0,74,3.14,0.38,3.93,0.59,1.38,0.42,0.73,0.7,0,1,0,0,37.0,0
503,503,Jess Liaudin,69,170.0,69,2.46,0.51,2.76,0.41,3.28,0.53,0.3,1.6,0,1,0,0,,0
504,504,Matt Lindland,72,185.0,72,2.62,0.5,1.56,0.52,3.01,0.48,0.6,1.3,0,0,1,0,55.0,0
505,505,John Lineker,63,135.0,63,5.36,0.4,4.27,0.56,0.56,0.58,0.67,0.6,0,1,0,0,35.0,0
506,506,Ariane Lipski,66,125.0,66,3.03,0.32,4.45,0.48,0.27,0.25,0.45,0.5,0,1,0,0,32.0,0
507,507,Dean Lister,73,185.0,73,1.26,0.35,1.89,0.61,1.58,0.15,0.5,1.1,0,1,0,0,50.0,0
508,508,Dylan Lockard,69,145.0,69,1.31,0.53,3.31,0.52,2.31,0.4,0.28,1.2,0,1,0,0,33.0,0
509,509,David Loiseau,72,185.0,72,1.59,0.44,3.64,0.43,0.43,0.42,0.36,0.1,0,1,0,0,46.0,0
510,510,Hector Lombard,69,185.0,69,3.02,0.46,3.35,0.53,1.69,0.48,0.77,0.5,0,0,1,0,48.0,0
511,511,Gustavo Lopez,65,135.0,65,2.24,0.41,4.65,0.51,1.07,0.5,0.27,0.5,0,1,0,0,36.0,0
512,512,Matthew Lopez,67,135.0,67,3.13,0.5,3.73,0.55,3.32,0.6,0.71,1.3,0,0,1,0,39.0,0
513,513,Duane Ludwig,70,170.0,70,4.62,0.44,3.05,0.57,0.43,0.25,0.59,0.1,0,1,0,0,47.0,0
514,514,Travis Lutter,71,185.0,71,0.41,0.32,2.42,0.42,1.95,0.24,0.3,0.7,0,1,0,0,52.0,0
515,515,Tucker Lutz,68,155.0,68,4.33,0.49,2.8,0.47,2.0,0.57,0.81,0.5,0,1,0,0,31.0,0
516,516,Vicente Luque,71,170.0,71,5.72,0.53,5.82,0.52,0.68,0.5,0.64,0.8,0,1,0,0,34.0,0
517,517,Chris Lytle,71,170.0,71,3.76,0.45,3.03,0.58,0.7,0.55,0.55,2.4,0,1,0,0,51.0,0
518,518,Jason MacDonald,75,185.0,75,1.55,0.52,2.7,0.46,1.43,0.16,0.35,2.0,0,1,0,0,50.0,0
519,519,Rob MacDonald,75,205.0,75,1.8,0.5,2.04,0.46,7.19,0.8,0.8,5.4,0,1,0,0,47.0,0
520,520,Rory MacDonald,72,170.0,72,3.75,0.42,2.8,0.62,1.77,0.47,0.88,0.4,0,1,0,0,36.0,0
521,521,Veronica Macedo,64,125.0,64,3.13,0.39,5.06,0.43,0.57,0.18,0.46,0.6,0,0,1,0,30.0,0
522,522,Lyoto Machida,73,185.0,73,2.59,0.53,1.57,0.61,1.21,0.65,0.75,0.4,0,0,1,0,47.0,0
523,523,Don Madge,72,155.0,72,2.08,0.52,0.74,0.67,2.22,0.25,0.8,0.7,0,0,1,0,35.0,0
524,524,Yoshiro Maeda,67,139.0,67,2.36,0.33,2.55,0.63,2.93,0.51,0.5,0.7,0,0,1,0,44.0,0
525,525,Vinny Magalhaes,75,205.0,75,2.14,0.24,3.97,0.68,1.55,0.44,0.66,0.8,0,1,0,0,41.0,0
526,526,Caio Magalhaes,73,185.0,73,2.27,0.4,2.78,0.56,1.05,0.15,0.58,1.6,0,1,0,0,38.0,0
527,527,Reza Madadi,71,155.0,71,2.51,0.46,3.31,0.66,3.17,0.33,0.89,0.5,0,1,0,0,47.0,0
528,528,Angela Magana,61,115.0,61,1.53,0.28,4.92,0.42,0.4,0.25,0.28,0.4,0,1,0,0,42.0,1
529,529,Neil Magny,75,170.0,75,3.67,0.47,2.05,0.56,2.46,0.45,0.57,0.3,0,1,0,0,38.0,0
530,530,Rashid Magomedov,69,155.0,69,4.4,0.49,3.05,0.54,0.67,0.57,0.89,0.2,0,1,0,0,41.0,0
531,531,John Maguire,69,155.0,69,1.41,0.41,2.44,0.65,2.8,0.46,0.77,1.1,0,0,1,0,42.0,0
532,532,Zabit Magomedsharipov,73,145.0,73,4.89,0.48,3.0,0.64,5.22,0.56,0.77,0.8,0,1,0,0,35.0,0
533,533,Leonardo Mafra,70,155.0,70,4.55,0.48,4.38,0.43,2.12,0.83,0.69,0.4,0,1,0,0,36.0,0
534,534,Jennifer Maia,64,125.0,64,3.34,0.39,3.52,0.52,0.34,0.5,0.56,0.2,0,1,0,0,37.0,1
535,535,Demian Maia,73,170.0,73,1.82,0.43,2.03,0.63,2.55,0.26,0.61,1.0,0,0,1,0,48.0,0
536,536,Islam Makhachev,70,155.0,70,2.0,0.56,0.77,0.7,3.46,0.68,0.93,1.0,0,0,1,0,34.0,0
537,537,Zach Makovsky,64,125.0,64,1.94,0.43,2.24,0.62,3.71,0.3,0.56,0.3,0,0,1,0,42.0,0
538,538,Fabio Maldonado,73,205.0,73,5.29,0.58,4.31,0.53,0.44,0.57,0.61,0.6,0,1,0,0,46.0,0
539,539,Nate Maness,70,135.0,70,2.4,0.45,4.63,0.45,1.33,0.66,0.88,0.7,0,1,0,0,34.0,0
540,540,Cristiano Marcello,69,155.0,69,2.56,0.33,3.61,0.58,0.44,0.11,0.2,0.9,0,1,0,0,48.0,0
541,541,Jimi Manuwa,73,205.0,73,3.43,0.54,3.97,0.49,0.53,0.18,0.7,0.4,0,1,0,0,46.0,0
542,542,Ronny Markes,73,185.0,73,2.17,0.53,2.43,0.45,3.13,0.4,1.0,0.5,0,1,0,0,37.0,0
543,543,Randa Markos,64,115.0,64,2.85,0.41,3.2,0.59,1.23,0.28,0.57,0.2,0,1,0,0,40.0,1
544,544,Nate Marquardt,72,185.0,72,2.71,0.49,2.32,0.55,1.87,0.51,0.7,0.8,0,1,0,0,46.0,0
545,545,Danilo Marques,78,205.0,78,1.81,0.88,1.41,0.5,4.83,0.34,0.0,1.2,0,1,0,0,40.0,0
546,546,Carmelo Marrero,72,205.0,72,0.84,0.34,2.04,0.54,3.21,0.36,0.36,0.9,0,1,0,0,45.0,0
547,547,Eliot Marshall,74,205.0,74,1.93,0.27,2.39,0.67,0.47,0.33,0.79,0.9,0,1,0,0,45.0,0
548,548,Mallory Martin,64,115.0,64,3.99,0.59,5.53,0.58,3.37,0.63,0.25,0.5,0,1,0,0,32.0,1
549,549,Anthony Rocco Martin,72,170.0,72,2.68,0.37,2.59,0.58,0.71,0.27,0.68,1.0,0,1,0,0,36.0,0
550,550,Adriano Martins,70,155.0,70,1.8,0.38,2.14,0.65,0.83,0.8,0.81,0.4,0,0,1,0,43.0,0
551,551,Jameel Massouh,70,145.0,70,1.91,0.54,2.62,0.55,0.67,0.15,0.5,0.7,0,1,0,0,41.0,0
552,552,Mike Massenzio,74,185.0,74,2.08,0.45,3.59,0.54,2.74,0.24,0.5,1.4,0,0,1,0,43.0,0
553,553,Jorge Masvidal,71,170.0,71,4.2,0.47,3.0,0.65,1.57,0.59,0.77,0.4,0,1,0,0,41.0,0
554,554,Jake Matthews,71,170.0,71,3.03,0.44,2.16,0.61,1.93,0.41,0.66,0.6,0,1,0,0,31.0,0
555,555,Vladimir Matyushenko,72,205.0,72,1.9,0.44,1.62,0.59,3.25,0.46,0.7,0.1,0,1,0,0,55.0,0
556,556,Gina Mazany,66,125.0,66,3.45,0.47,3.07,0.51,4.41,0.63,0.33,0.3,0,0,1,0,37.0,1
557,557,Gray Maynard,69,155.0,69,1.92,0.32,2.64,0.66,2.91,0.47,0.81,0.7,0,1,0,0,46.0,0
558,558,Sabina Mazo,67,135.0,67,6.56,0.44,3.91,0.6,0.81,0.8,0.66,0.2,0,1,0,0,29.0,1
559,559,Molly McCann,64,125.0,64,5.15,0.5,4.28,0.65,1.64,0.29,0.28,0.7,0,1,0,0,35.0,1
560,560,Charles McCarthy,70,185.0,70,0.18,0.12,4.03,0.56,2.67,0.6,0.0,2.7,0,1,0,0,45.0,0
561,561,Sean McCorkle,79,265.0,79,0.85,0.44,2.48,0.52,2.12,0.4,0.33,4.2,0,1,0,0,49.0,0
562,562,Tamdan McCrory,76,185.0,76,2.07,0.49,1.6,0.46,2.28,0.5,0.33,2.5,0,0,0,1,39.0,0
563,563,Michael McDonald,69,135.0,69,2.69,0.42,2.76,0.57,1.09,0.66,0.52,1.4,0,1,0,0,35.0,0
564,564,Robert McDaniel,75,185.0,75,1.64,0.44,1.98,0.56,0.93,0.5,0.5,1.4,0,0,1,0,42.0,0
565,565,Drew McFedries,72,185.0,72,5.13,0.51,4.56,0.52,1.42,1.0,0.56,0.7,0,0,1,0,47.0,0
566,566,Court McGee,71,170.0,71,4.9,0.36,3.94,0.61,1.6,0.21,0.63,0.4,0,1,0,0,41.0,0
567,567,Cody McKenzie,72,155.0,72,1.74,0.34,2.5,0.67,2.5,0.25,0.14,2.5,0,0,0,1,38.0,0
568,568,Garreth McLellan,73,185.0,73,3.56,0.54,2.94,0.45,1.15,0.22,0.34,0.9,0,0,1,0,43.0,0
569,569,Sara McMann,66,135.0,66,2.32,0.45,1.94,0.48,4.41,0.65,0.5,0.5,0,1,0,0,45.0,1
570,570,James McSweeney,76,230.0,76,3.94,0.55,4.33,0.42,0.52,0.33,1.0,1.1,0,0,0,1,45.0,0
571,571,Tim Means,74,170.0,74,5.16,0.48,3.58,0.61,0.92,0.41,0.64,0.2,0,1,0,0,42.0,0
572,572,Yancy Medeiros,70,155.0,70,4.05,0.35,5.38,0.46,0.12,0.25,0.76,0.5,0,1,0,0,38.0,0
573,573,Emil Meek,71,170.0,71,2.52,0.39,2.53,0.38,0.25,0.33,0.47,1.0,0,0,0,1,37.0,0
574,574,Gerald Meerschaert,73,185.0,73,3.3,0.42,3.61,0.51,2.33,0.43,0.46,1.7,0,0,1,0,38.0,0
575,575,Jordan Mein,72,170.0,72,3.35,0.44,2.55,0.69,1.56,0.58,0.66,0.2,0,1,0,0,36.0,0
576,576,Gilbert Melendez,69,145.0,69,3.44,0.33,2.53,0.63,1.64,0.41,0.71,0.2,0,1,0,0,43.0,0
577,577,Chad Mendes,66,145.0,66,2.78,0.49,2.35,0.67,4.13,0.55,1.0,0.3,0,1,0,0,40.0,0
578,578,Ivan Menjivar,66,145.0,66,2.78,0.37,2.76,0.65,0.56,0.28,0.38,1.0,0,1,0,0,43.0,0
579,579,Yaotzin Meza,69,145.0,69,1.43,0.41,1.62,0.64,1.06,0.2,0.18,1.4,0,1,0,0,45.0,0
580,580,Dan Miller,73,185.0,73,2.03,0.36,3.06,0.49,1.67,0.54,0.47,1.8,0,1,0,0,44.0,0
581,581,Cole Miller,73,145.0,73,3.0,0.33,3.88,0.59,0.6,0.36,0.38,1.8,0,1,0,0,41.0,0
582,582,Jim Miller,68,155.0,68,2.73,0.4,2.99,0.59,1.69,0.43,0.46,1.9,0,0,1,0,42.0,0
583,583,Darrick Minner,67,145.0,67,3.24,0.7,1.4,0.43,3.0,0.62,0.6,3.6,0,1,0,0,35.0,0
584,584,Frank Mir,75,264.0,75,2.18,0.47,3.84,0.38,2.02,0.4,0.54,2.0,0,0,1,0,46.0,0
585,585,Vitor Miranda,73,185.0,73,2.98,0.45,2.95,0.58,0.95,0.55,0.5,0.2,0,1,0,0,47.0,0
586,586,David Mitchell,72,170.0,72,1.74,0.32,2.06,0.55,0.66,0.5,0.29,2.0,0,1,0,0,46.0,0
587,587,Bryce Mitchell,70,145.0,70,2.29,0.61,1.46,0.6,3.26,0.46,0.33,2.3,0,0,1,0,31.0,0
588,588,Hiromitsu Miura,69,170.0,69,2.12,0.34,2.12,0.58,2.23,0.5,0.69,0.6,0,1,0,0,44.0,0
589,589,Takeya Mizugaki,67,135.0,67,3.37,0.37,3.27,0.57,1.46,0.57,0.7,0.1,0,1,0,0,42.0,0
590,590,Bobby Moffett,70,145.0,70,3.41,0.39,3.15,0.61,2.74,0.66,0.66,1.4,0,1,0,0,35.0,0
591,591,Roxanne Modafferi,67,125.0,67,3.13,0.3,5.03,0.53,1.42,0.23,0.3,0.1,0,1,0,0,43.0,1
592,592,Thiago Moises,69,155.0,69,2.85,0.37,3.88,0.6,1.06,0.33,0.63,1.2,0,1,0,0,31.0,0
593,593,Renato Moicano,71,155.0,71,5.4,0.46,3.74,0.65,1.28,0.53,0.78,0.6,0,1,0,0,36.0,0
594,594,Jeff Monson,69,247.0,69,0.97,0.3,2.87,0.59,1.06,0.12,0.66,0.7,0,1,0,0,55.0,0
595,595,Darrell Montague,66,125.0,66,1.92,0.25,5.38,0.52,0.72,0.25,0.33,1.4,0,0,1,0,38.0,0
596,596,Nicco Montano,65,135.0,65,5.6,0.41,4.43,0.64,2.25,0.54,0.69,0.4,0,0,1,0,37.0,1
597,597,Sergio Moraes,72,170.0,72,2.42,0.42,3.73,0.59,1.2,0.38,0.75,0.4,0,1,0,0,43.0,0
598,598,Marlon Moraes,66,135.0,66,3.38,0.39,4.11,0.56,1.0,0.41,0.66,0.4,0,1,0,0,37.0,0
599,599,John Moraga,66,125.0,66,2.57,0.43,2.55,0.56,0.62,0.23,0.44,1.1,0,1,0,0,42.0,0
600,600,Joseph Morales,66,125.0,66,1.58,0.37,1.72,0.6,0.53,0.5,0.23,2.6,0,0,0,1,31.0,0
601,601,Albert Morales,69,135.0,69,3.81,0.35,3.96,0.56,0.91,0.35,0.7,0.2,0,1,0,0,34.0,0
602,602,Christian Morecraft,78,260.0,78,2.82,0.34,2.46,0.46,3.26,0.66,0.5,2.2,0,1,0,0,39.0,0
603,603,Sarah Moras,67,135.0,67,2.28,0.34,3.58,0.5,0.67,0.21,0.33,0.8,0,1,0,0,37.0,1
604,604,Vinicius Moreira,76,205.0,76,3.15,0.59,5.07,0.43,1.97,0.18,0.0,1.3,0,1,0,0,37.0,0
605,605,Brandon Moreno,67,125.0,67,3.41,0.38,3.41,0.59,2.01,0.45,0.67,0.6,0,1,0,0,32.0,0
606,606,Dan Moret,72,155.0,72,2.67,0.43,3.56,0.43,1.25,0.27,0.45,0.4,0,0,1,0,39.0,0
607,607,Alex Morono,71,170.0,71,4.96,0.42,3.69,0.56,0.44,0.28,0.47,0.4,0,1,0,0,35.0,0
608,608,Maryna Moroz,67,125.0,67,4.09,0.31,4.15,0.53,0.56,0.18,0.47,0.4,0,1,0,0,34.0,1
609,609,Gegard Mousasi,74,185.0,74,3.75,0.5,1.21,0.68,1.59,0.6,0.59,1.1,0,1,0,0,40.0,0
610,610,Su Mudaerji,68,125.0,68,4.49,0.51,2.19,0.68,0.4,1.0,0.77,0.8,0,0,1,0,30.0,0
611,611,Belal Muhammad,71,170.0,71,4.75,0.43,4.02,0.6,1.97,0.28,0.85,0.2,0,1,0,0,37.0,0
612,612,Jamie Mullarkey,72,155.0,72,1.87,0.33,4.6,0.42,4.0,0.3,0.66,0.5,0,1,0,0,31.0,0
613,613,Pedro Munhoz,66,135.0,66,5.6,0.43,5.87,0.58,0.68,0.21,0.8,0.8,0,1,0,0,39.0,0
614,614,Andre Muniz,73,185.0,73,2.21,0.58,1.8,0.45,2.61,0.35,0.37,2.2,0,0,1,0,36.0,0
615,615,Mark Munoz,72,185.0,72,3.12,0.51,2.26,0.57,3.17,0.29,0.57,0.6,0,1,0,0,48.0,0
616,616,Johnny Munoz,69,145.0,69,3.27,0.62,1.4,0.58,2.0,0.12,0.0,1.0,0,1,0,0,33.0,0
617,617,Makhmud Muradov,74,185.0,74,5.32,0.42,2.92,0.64,0.36,0.16,1.0,0.4,0,1,0,0,36.0,0
618,618,Kanako Murata,61,115.0,61,1.93,0.67,1.93,0.52,4.0,0.44,0.0,2.0,0,1,0,0,32.0,1
619,619,Lauren Murphy,65,125.0,65,3.8,0.38,3.82,0.63,1.18,0.37,0.7,0.1,0,1,0,0,42.0,1
620,620,Lerone Murphy,69,145.0,69,2.86,0.42,2.07,0.63,0.87,0.33,0.41,0.9,0,1,0,0,34.0,0
621,621,Nicholas Musoke,72,170.0,72,3.56,0.35,3.8,0.57,1.16,0.19,0.82,0.2,0,1,0,0,39.0,0
622,622,Magomed Mustafaev,68,155.0,68,2.59,0.58,2.68,0.41,3.31,0.5,0.23,0.4,0,1,0,0,37.0,0
623,623,Keita Nakamura,71,170.0,71,2.23,0.36,3.2,0.58,1.65,0.48,0.63,0.3,0,0,1,0,41.0,0
624,624,Kazuhiro Nakamura,71,205.0,71,1.56,0.37,1.83,0.59,1.73,0.36,0.42,0.6,0,1,0,0,46.0,0
625,625,Rose Namajunas,65,115.0,65,4.13,0.4,3.98,0.6,1.91,0.53,0.5,0.8,0,1,0,0,33.0,1
626,626,Bobby Nash,72,170.0,72,3.42,0.37,3.95,0.51,2.37,0.33,1.0,1.6,0,1,0,0,36.0,0
627,627,Rodrigo Nascimento,74,246.0,74,4.23,0.55,4.32,0.42,2.7,1.0,1.0,2.7,0,1,0,0,33.0,0
628,628,Rafael Natal,72,185.0,72,3.1,0.47,2.48,0.57,2.55,0.34,0.77,0.5,0,1,0,0,43.0,0
629,629,Ismail Naurdiev,70,170.0,70,3.17,0.52,1.3,0.68,1.25,0.71,0.7,0.2,0,1,0,0,29.0,0
630,630,Geoff Neal,71,170.0,71,4.94,0.49,4.93,0.61,0.5,0.5,0.92,0.2,0,0,1,0,35.0,0
631,631,Josh Neer,71,170.0,71,3.29,0.46,3.63,0.58,1.09,0.34,0.46,1.3,0,1,0,0,43.0,0
632,632,Shane Nelson,69,155.0,69,1.38,0.31,2.84,0.61,1.31,0.18,0.54,1.6,0,0,1,0,41.0,0
633,633,Kyle Nelson,71,155.0,71,3.63,0.41,6.82,0.47,0.96,0.12,0.6,1.9,0,0,0,1,34.0,0
634,634,Gunnar Nelson,71,170.0,71,1.71,0.57,3.33,0.49,1.72,0.55,0.66,0.9,0,0,0,1,37.0,0
635,635,Roy Nelson,72,263.0,72,2.18,0.36,4.79,0.46,1.14,0.27,0.65,0.1,0,1,0,0,49.0,0
636,636,Antonio Braga Neto,75,185.0,75,1.36,0.33,3.92,0.45,3.07,0.37,0.0,0.5,0,1,0,0,38.0,0
637,637,Ben Nguyen,65,125.0,65,3.51,0.4,3.01,0.59,0.25,0.33,0.63,1.0,0,0,0,1,37.0,0
638,638,Matheus Nicolau,66,125.0,66,3.79,0.52,2.83,0.67,1.93,0.44,1.0,1.4,0,1,0,0,33.0,0
639,639,Tom Niinimaki,69,145.0,69,1.91,0.54,2.31,0.58,2.97,0.46,0.33,0.5,0,1,0,0,43.0,0
640,640,Ramsey Nijem,71,155.0,71,3.05,0.44,1.62,0.62,5.32,0.62,0.55,1.1,0,1,0,0,38.0,0
641,641,Guangyou Ning,64,145.0,64,2.66,0.41,1.91,0.61,1.09,0.5,0.62,0.3,0,0,1,0,44.0,0
642,642,Anthony Njokuani,73,155.0,73,3.94,0.46,2.41,0.65,0.5,0.45,0.53,0.2,0,1,0,0,46.0,0
643,643,Antonio Rodrigo Nogueira,75,240.0,75,1.95,0.42,2.4,0.55,1.3,0.29,0.36,2.4,0,1,0,0,49.0,0
644,644,Rogerio Nogueira,74,205.0,74,2.43,0.35,2.34,0.59,0.64,0.44,0.62,0.8,0,0,1,0,49.0,0
645,645,Kyle Noke,73,170.0,73,3.23,0.5,2.09,0.64,1.53,0.54,0.66,0.8,0,0,1,0,46.0,0
646,646,Sage Northcutt,72,170.0,72,3.58,0.52,1.96,0.58,1.81,0.34,0.41,0.6,0,1,0,0,30.0,0
647,647,Amanda Nunes,68,145.0,68,4.5,0.51,2.45,0.57,2.5,0.53,0.84,0.9,0,1,0,0,37.0,1
648,648,Phillipe Nover,69,145.0,69,1.79,0.35,2.48,0.56,0.99,0.28,0.44,0.7,0,1,0,0,42.0,0
649,649,Diego Nunes,66,145.0,66,2.72,0.43,2.59,0.58,1.18,0.44,0.65,0.6,0,1,0,0,43.0,0
650,650,Khabib Nurmagomedov,70,155.0,70,4.1,0.48,1.75,0.65,5.32,0.48,0.84,0.8,0,1,0,0,37.0,0
651,651,Jake O'Brien,75,205.0,75,1.31,0.31,1.92,0.69,6.39,0.54,0.25,0.2,0,1,0,0,41.0,0
652,652,Sean O'Malley,71,135.0,71,6.35,0.57,3.76,0.64,1.05,0.5,0.61,1.1,0,0,0,1,31.0,0
653,653,Casey O'Neill,66,125.0,66,5.64,0.72,1.84,0.42,6.91,0.66,0.0,1.7,0,0,0,0,28.0,1
654,654,Brendan O'Reilly,67,170.0,67,1.9,0.47,2.77,0.39,2.22,0.43,0.36,0.6,0,1,0,0,38.0,0
655,655,Yushin Okami,74,170.0,74,2.06,0.38,2.25,0.6,1.98,0.39,0.84,0.5,0,0,1,0,44.0,0
656,656,Aleksei Oleinik,74,240.0,74,3.47,0.5,3.85,0.44,2.38,0.46,0.33,2.4,0,1,0,0,48.0,0
657,657,Rafaello Oliveira,68,155.0,68,2.19,0.33,3.38,0.59,2.49,0.36,0.11,1.6,0,1,0,0,44.0,0
658,658,Charles Oliveira,70,155.0,70,3.22,0.52,2.94,0.54,2.64,0.44,0.57,2.8,0,1,0,0,36.0,0
659,659,Alex Oliveira,71,170.0,71,2.87,0.5,2.18,0.48,2.41,0.37,0.63,0.6,0,1,0,0,38.0,0
660,660,Cameron Olson,73,205.0,73,3.13,0.47,2.2,0.57,3.0,0.42,1.0,1.0,0,1,0,0,36.0,0
661,661,Daniel Omielanczuk,72,247.0,72,3.09,0.57,3.29,0.47,0.56,0.26,0.68,0.1,0,0,1,0,43.0,0
662,662,Michihiro Omigawa,66,145.0,66,2.01,0.39,3.06,0.64,1.19,0.36,0.49,1.5,0,1,0,0,50.0,0
663,663,Brian Ortega,68,145.0,68,4.29,0.38,6.28,0.52,0.8,0.21,0.56,1.1,0,0,0,1,35.0,0
664,664,Tito Ortiz,75,205.0,75,2.59,0.46,2.88,0.6,2.47,0.35,0.54,0.6,0,1,0,0,51.0,0
665,665,Ode Osbourne,67,145.0,67,4.3,0.54,3.04,0.42,1.9,1.0,0.66,1.9,0,0,1,0,34.0,0
666,666,Kenji Osawa,67,135.0,67,2.34,0.35,2.14,0.63,0.91,0.58,0.68,0.7,0,1,0,0,49.0,0
667,667,Nick Osipczak,74,170.0,74,2.83,0.5,3.77,0.5,1.2,0.45,0.71,1.0,0,1,0,0,41.0,0
668,668,Dustin Ortiz,65,125.0,65,2.94,0.44,2.17,0.56,3.01,0.36,0.52,0.1,0,1,0,0,37.0,0
669,669,Rachael Ostovich,63,125.0,63,2.54,0.43,3.97,0.57,2.03,0.83,0.66,0.8,0,1,0,0,35.0,1
670,670,Zak Ottow,71,170.0,71,2.63,0.36,2.73,0.58,0.97,0.29,0.57,0.4,0,1,0,0,39.0,0
671,671,Sidney Outlaw,68,170.0,68,0.13,0.33,0.8,0.71,3.0,0.75,0.0,3.0,0,1,0,0,33.0,0
672,672,Alistair Overeem,76,265.0,76,3.67,0.64,2.44,0.57,1.42,0.55,0.73,0.8,0,1,0,0,45.0,0
673,673,Nick Pace,67,135.0,67,1.48,0.34,3.14,0.57,2.52,0.43,0.54,0.5,0,1,0,0,38.0,0
674,674,Teemu Packalen,73,155.0,73,2.57,0.54,3.91,0.47,2.31,0.25,1.0,1.5,0,1,0,0,38.0,0
675,675,Damacio Page,66,135.0,66,2.05,0.38,2.47,0.51,2.63,0.64,0.23,0.9,0,1,0,0,43.0,0
676,676,Dustin Pague,69,135.0,69,1.65,0.53,2.96,0.41,1.03,0.44,0.55,2.6,0,1,0,0,38.0,0
677,677,Raulian Paiva,68,125.0,68,4.46,0.43,4.89,0.51,0.26,0.2,0.8,0.3,0,1,0,0,30.0,0
678,678,Fredson Paixao,66,145.0,66,1.71,0.54,2.31,0.62,0.62,0.11,0.1,2.2,0,1,0,0,46.0,0
679,679,Bart Palaszewski,69,145.0,69,2.67,0.32,3.97,0.57,0.65,0.31,0.53,0.5,0,1,0,0,42.0,0
680,680,Rousimar Palhares,68,170.0,68,1.75,0.51,2.04,0.59,3.93,0.45,0.0,4.1,0,1,0,0,46.0,0
681,681,Alexandre Pantoja,65,125.0,65,4.3,0.47,3.39,0.53,0.94,0.35,0.68,0.9,0,1,0,0,35.0,0
682,682,Karo Parisyan,70,170.0,70,2.49,0.41,2.19,0.58,5.27,0.59,0.59,1.0,0,1,0,0,43.0,0
683,683,Claude Patrick,71,170.0,71,1.8,0.55,0.89,0.69,2.32,0.53,0.84,1.7,0,1,0,0,45.0,0
684,684,Alan Patrick,71,155.0,71,1.79,0.4,2.64,0.43,3.48,0.38,0.5,0.3,0,0,1,0,42.0,0
685,685,Jonathan Pearce,72,145.0,72,8.8,0.55,6.65,0.46,5.91,0.6,0.75,0.7,0,0,0,1,33.0,0
686,686,Tyson Pedro,75,205.0,75,2.7,0.62,2.55,0.48,0.74,0.25,0.52,1.5,0,1,0,0,34.0,0
687,687,Julianna Pena,66,135.0,66,2.8,0.47,1.7,0.53,2.49,0.53,0.23,0.8,0,1,0,0,36.0,1
688,688,Kurt Pellegrino,68,155.0,68,2.45,0.43,1.94,0.63,2.9,0.54,0.69,0.8,0,1,0,0,46.0,0
689,689,Luis Pena,75,155.0,75,3.26,0.47,2.74,0.5,1.37,0.33,0.45,1.4,0,0,1,0,32.0,0
690,690,Cathal Pendred,73,170.0,73,2.49,0.44,3.01,0.55,2.46,0.23,0.83,0.4,0,1,0,0,38.0,0
691,691,BJ Penn,69,155.0,69,2.76,0.48,3.2,0.56,1.19,0.55,0.74,0.5,0,1,0,0,47.0,0
692,692,Jessica Penne,65,115.0,65,2.46,0.33,4.73,0.48,1.58,0.25,0.2,0.6,0,1,0,0,43.0,1
693,693,Raquel Pennington,67,135.0,67,3.62,0.48,3.2,0.63,1.12,0.28,0.65,0.7,0,1,0,0,37.0,1
694,694,Godofredo Pepey,67,145.0,67,2.32,0.38,3.23,0.47,0.37,0.07,0.35,1.5,0,1,0,0,38.0,0
695,695,Michel Pereira,73,170.0,73,3.74,0.54,2.84,0.58,1.76,0.7,1.0,0.5,0,1,0,0,32.0,0
696,696,Viviane Pereira,61,115.0,61,2.7,0.3,4.48,0.58,0.25,1.0,0.28,0.2,0,1,0,0,32.0,1
697,697,Erik Perez,68,135.0,68,3.16,0.4,2.09,0.66,3.16,0.55,0.69,0.2,0,1,0,0,36.0,0
698,698,Frankie Perez,71,155.0,71,1.64,0.41,2.17,0.54,1.75,0.41,0.5,0.3,0,1,0,0,36.0,0
699,699,Alejandro Perez,66,145.0,66,3.52,0.35,2.94,0.64,0.52,0.2,0.73,0.1,0,1,0,0,36.0,0
700,700,Markus Perez,73,185.0,73,2.6,0.47,3.72,0.52,0.81,0.25,0.77,1.0,0,1,0,0,37.0,0
701,701,Alex Perez,66,125.0,66,4.62,0.47,3.08,0.61,2.92,0.45,0.87,1.3,0,1,0,0,34.0,0
702,702,Anthony Perosh,75,205.0,75,2.27,0.43,3.77,0.53,2.03,0.22,0.33,1.1,0,1,0,0,53.0,0
703,703,Mike Perry,70,170.0,70,4.35,0.47,4.82,0.54,0.69,0.38,0.77,0.2,0,1,0,0,34.0,0
704,704,Steven Peterson,70,145.0,70,4.65,0.35,5.89,0.56,2.02,0.28,0.75,0.4,0,1,0,0,35.0,0
705,705,Seth Petruzelli,72,205.0,72,2.17,0.41,2.08,0.55,0.46,0.5,0.47,2.3,0,1,0,0,46.0,0
706,706,Anthony Pettis,70,155.0,70,3.05,0.47,3.44,0.54,0.61,0.5,0.6,1.1,0,1,0,0,39.0,0
707,707,Sergio Pettis,66,125.0,66,3.88,0.37,2.91,0.65,0.85,0.4,0.67,0.4,0,1,0,0,32.0,0
708,708,Nam Phan,66,135.0,66,4.52,0.37,6.55,0.59,0.18,0.18,0.6,0.2,0,1,0,0,43.0,0
709,709,Constantinos Philippou,71,185.0,71,2.19,0.35,2.73,0.54,0.4,0.42,0.65,0.3,0,1,0,0,46.0,0
710,710,Elizabeth Phillips,66,135.0,66,2.6,0.33,3.07,0.58,0.75,0.25,0.53,0.2,0,1,0,0,39.0,1
711,711,Kyler Phillips,68,135.0,68,5.32,0.46,3.04,0.61,2.88,0.63,0.71,0.4,0,1,0,0,30.0,0
712,712,Vinc Pichel,70,155.0,70,3.2,0.46,2.28,0.56,3.83,0.6,0.2,0.3,0,1,0,0,43.0,0
713,713,Jamie Pickett,74,185.0,74,2.84,0.55,4.84,0.46,1.48,0.4,0.37,0.4,0,1,0,0,37.0,0
714,714,Oskar Piechota,72,185.0,72,3.3,0.52,3.93,0.51,0.61,0.4,0.38,1.5,0,0,1,0,36.0,0
715,715,Mike Pierce,68,170.0,68,2.62,0.42,2.36,0.62,3.08,0.42,0.71,0.2,0,1,0,0,45.0,0
716,716,Brad Pickett,66,135.0,66,3.02,0.31,4.63,0.55,2.47,0.44,0.58,0.4,0,1,0,0,47.0,0
717,717,Sean Pierson,72,170.0,72,3.84,0.39,3.73,0.64,0.39,0.18,0.66,0.4,0,0,1,0,50.0,0
718,718,Domingo Pilarte,72,135.0,72,2.04,0.5,3.69,0.42,2.0,0.42,0.75,1.3,0,0,1,0,36.0,0
719,719,Daniel Pineda,67,145.0,67,3.41,0.49,2.72,0.44,1.55,0.29,0.44,1.8,0,1,0,0,40.0,0
720,720,Pingyuan Liu,66,135.0,66,2.36,0.33,2.99,0.54,0.25,0.2,0.56,1.0,0,1,0,0,33.0,0
721,721,Maki Pitolo,70,185.0,70,4.2,0.44,3.71,0.56,2.42,0.52,0.55,0.5,0,1,0,0,35.0,0
722,722,Igor Pokrajac,72,205.0,72,2.25,0.45,4.26,0.4,0.87,0.29,0.51,0.2,0,1,0,0,47.0,0
723,723,Dustin Poirier,69,155.0,69,5.59,0.5,4.17,0.54,1.47,0.36,0.61,1.3,0,0,1,0,37.0,0
724,724,Parker Porter,72,265.0,72,7.69,0.49,7.36,0.52,1.65,0.6,0.0,1.1,0,1,0,0,40.0,0
725,725,Ruan Potts,74,247.0,74,0.85,0.37,5.92,0.22,0.75,0.16,0.33,2.3,0,1,0,0,48.0,0
726,726,Trevor Prangley,73,185.0,73,2.59,0.6,2.02,0.48,3.38,0.55,0.74,1.0,0,1,0,0,53.0,0
727,727,Carlo Prater,71,155.0,71,2.03,0.47,4.07,0.35,0.43,0.09,0.57,1.7,0,0,0,1,44.0,0
728,728,Michel Prazeres,66,170.0,66,2.44,0.47,2.49,0.58,4.11,0.36,0.5,0.6,0,1,0,0,44.0,0
729,729,Niko Price,72,170.0,72,5.33,0.41,5.83,0.49,0.89,0.22,0.72,0.9,0,1,0,0,36.0,0
730,730,Lara Procopio,64,125.0,64,6.7,0.57,6.93,0.47,3.5,0.5,0.0,0.5,0,1,0,0,30.0,1
731,731,Cole Province,69,145.0,69,1.47,0.44,2.72,0.43,2.4,0.5,0.83,1.0,0,1,0,0,45.0,0
732,732,Lucie Pudilova,68,125.0,68,4.15,0.36,4.09,0.52,0.16,0.12,0.61,0.6,0,1,0,0,31.0,1
733,733,Claudio Puelles,71,155.0,71,1.95,0.44,3.73,0.5,3.06,0.36,0.0,1.3,0,0,1,0,29.0,0
734,734,Jens Pulver,67,145.0,67,2.12,0.37,3.13,0.56,0.22,0.33,0.63,0.3,0,0,1,0,51.0,0
735,735,Mike Pyle,72,170.0,72,2.74,0.45,2.84,0.6,1.8,0.35,0.7,1.5,0,1,0,0,50.0,0
736,736,Billy Quarantillo,70,145.0,70,7.03,0.64,4.37,0.42,1.28,0.31,0.57,1.8,0,1,0,0,37.0,0
737,737,Jose Quinonez,68,135.0,68,3.6,0.45,3.0,0.64,2.7,0.47,0.42,0.6,0,0,1,0,35.0,0
738,738,Aleksandar Rakic,76,205.0,76,4.23,0.52,2.23,0.52,0.75,0.25,0.9,0.2,0,1,0,0,34.0,0
739,739,Davi Ramos,66,155.0,66,2.64,0.37,3.44,0.56,1.95,0.4,0.83,0.6,0,1,0,0,39.0,0
740,740,Ricardo Ramos,69,145.0,69,3.0,0.39,3.28,0.58,1.99,0.56,0.71,0.7,0,1,0,0,30.0,0
741,741,Bec Rawlings,66,125.0,66,4.48,0.42,5.66,0.57,0.71,0.4,0.68,0.4,0,1,0,0,37.0,1
742,742,Stevie Ray,70,155.0,70,3.73,0.44,2.93,0.54,0.75,0.46,0.55,0.6,0,0,1,0,36.0,0
743,743,Rafael Rebello,65,135.0,65,2.19,0.32,3.29,0.58,2.82,0.33,0.75,0.5,0,1,0,0,45.0,0
744,744,Goran Reljic,75,205.0,75,1.69,0.37,2.69,0.59,1.69,0.5,0.33,1.1,0,0,1,0,42.0,0
745,745,Wilson Reis,64,125.0,64,1.83,0.29,3.04,0.55,5.15,0.42,0.47,0.6,0,0,1,0,41.0,0
746,746,Chance Rencountre,74,170.0,74,1.1,0.2,3.62,0.49,1.35,0.26,0.16,0.3,0,0,1,0,39.0,0
747,747,Marion Reneau,66,135.0,66,3.29,0.41,3.37,0.61,0.66,0.63,0.5,0.8,0,1,0,0,48.0,1
748,748,Dominick Reyes,76,205.0,76,4.53,0.48,3.16,0.49,0.2,0.16,0.82,0.2,0,0,1,0,36.0,0
749,749,Mike Rhodes,73,170.0,73,3.2,0.39,4.13,0.64,0.96,0.33,0.75,0.5,0,1,0,0,36.0,0
750,750,Amanda Ribas,63,125.0,63,4.25,0.44,1.78,0.71,2.31,0.58,0.85,1.6,0,1,0,0,32.0,1
751,751,Matthew Riddle,73,170.0,73,3.01,0.42,2.74,0.54,3.51,0.5,0.89,0.5,0,0,1,0,40.0,0
752,752,Joe Riggs,72,185.0,72,2.41,0.51,1.69,0.57,2.45,0.55,0.62,0.6,0,0,1,0,43.0,0
753,753,Aaron Riley,68,155.0,68,3.45,0.34,3.78,0.61,1.18,0.34,0.6,0.1,0,0,1,0,45.0,0
754,754,Jordan Rinaldi,70,145.0,70,1.56,0.35,2.32,0.59,1.45,0.35,0.2,1.2,0,1,0,0,38.0,0
755,755,Nick Ring,72,185.0,72,3.52,0.42,3.48,0.62,1.36,0.36,0.52,0.3,0,0,1,0,47.0,0
756,756,Mike Rio,70,155.0,70,1.68,0.39,2.99,0.53,2.58,0.27,0.0,1.0,0,1,0,0,44.0,0
757,757,Diego Rivas,68,145.0,68,1.37,0.4,2.14,0.52,1.79,0.6,0.64,0.9,0,1,0,0,34.0,0
758,758,Jorge Rivera,73,185.0,73,3.16,0.48,2.64,0.54,0.84,0.5,0.63,0.1,0,1,0,0,54.0,0
759,759,Francisco Rivera,68,135.0,68,4.07,0.41,3.16,0.68,1.01,0.63,0.68,0.6,0,1,0,0,44.0,0
760,760,Jimmie Rivera,64,135.0,64,4.03,0.4,3.9,0.6,0.88,0.27,0.92,0.1,0,1,0,0,36.0,0
761,761,Karl Roberson,73,185.0,73,3.0,0.51,2.42,0.57,0.99,0.57,0.5,0.8,0,0,1,0,35.0,0
762,762,Danny Roberts,73,170.0,73,3.41,0.44,3.08,0.55,0.18,0.06,0.53,0.4,0,0,1,0,38.0,0
763,763,Daniel Roberts,70,170.0,70,0.73,0.2,2.27,0.46,2.46,0.44,0.4,2.5,0,0,1,0,45.0,0
764,764,Roosevelt Roberts,74,155.0,74,3.03,0.49,2.27,0.52,1.75,0.53,0.58,1.1,0,1,0,0,32.0,0
765,765,Kenny Robertson,70,170.0,70,3.72,0.47,3.02,0.52,1.37,0.26,0.57,0.8,0,1,0,0,42.0,0
766,766,Gillian Robertson,65,125.0,65,2.05,0.51,2.1,0.51,2.64,0.46,0.0,0.9,0,1,0,0,30.0,1
767,767,Alvin Robinson,69,155.0,69,1.57,0.5,1.29,0.51,1.24,0.5,0.25,1.2,0,0,1,0,43.0,0
768,768,Vagner Rocha,70,155.0,70,2.64,0.42,4.5,0.48,1.4,0.33,0.5,1.9,0,1,0,0,43.0,0
769,769,Luke Rockhold,75,205.0,75,4.18,0.48,2.43,0.56,0.67,0.3,0.68,1.1,0,0,1,0,41.0,0
770,770,Yair Rodriguez,71,145.0,71,4.33,0.45,3.13,0.57,0.9,0.29,0.63,0.9,0,1,0,0,33.0,0
771,771,Marina Rodriguez,66,115.0,66,4.86,0.5,3.16,0.53,0.36,0.33,0.59,0.2,0,1,0,0,38.0,1
772,772,Daniel Rodriguez,73,170.0,73,7.68,0.46,6.12,0.57,1.34,0.62,0.9,0.3,0,0,1,0,39.0,0
773,773,Luis Rodriguez,66,125.0,66,1.27,0.37,3.2,0.54,2.0,0.5,1.0,2.0,0,1,0,0,26.0,0
774,774,Drako Rodriguez,68,135.0,68,2.57,0.35,2.57,0.26,2.75,1.0,0.0,2.8,0,1,0,0,29.0,0
775,775,Max Rohskopf,73,155.0,73,1.7,0.31,5.8,0.42,3.0,0.33,0.0,1.5,0,1,0,0,31.0,0
776,776,Marcos Rogerio de Lima,73,253.0,73,3.78,0.54,2.53,0.54,0.71,0.6,0.43,0.7,0,1,0,0,40.0,0
777,777,Shane Roller,70,155.0,70,2.04,0.34,2.65,0.6,2.46,0.33,0.42,1.9,0,1,0,0,46.0,0
778,778,Alexandr Romanov,74,262.0,74,4.31,0.39,1.76,0.43,6.35,0.66,0.0,3.2,0,0,1,0,35.0,0
779,779,Ricardo Romero,72,205.0,72,2.17,0.55,4.77,0.46,1.63,0.1,1.0,3.3,0,1,0,0,47.0,0
780,780,Mara Romero Borella,66,125.0,66,2.54,0.37,2.48,0.71,1.83,0.44,0.66,0.2,0,1,0,0,39.0,1
781,781,Jesse Ronson,70,170.0,70,3.54,0.49,2.99,0.59,0.63,0.4,0.61,0.6,0,0,1,0,40.0,0
782,782,George Roop,73,135.0,73,3.43,0.34,2.47,0.6,1.05,0.57,0.59,0.1,0,1,0,0,44.0,0
783,783,Aaron Rosa,76,205.0,76,4.03,0.47,4.41,0.45,0.36,0.33,0.85,0.4,0,1,0,0,42.0,0
784,784,Charles Rosa,69,145.0,69,3.11,0.37,3.78,0.48,1.76,0.32,0.4,1.0,0,0,0,1,39.0,0
785,785,Jared Rosholt,74,265.0,74,2.08,0.46,1.52,0.59,1.83,0.41,0.66,0.1,0,1,0,0,39.0,0
786,786,Ben Rothwell,76,265.0,76,3.55,0.41,4.57,0.46,0.63,0.33,0.69,0.3,0,1,0,0,44.0,0
787,787,Ronda Rousey,67,135.0,67,4.17,0.52,4.14,0.44,6.26,0.68,0.5,4.8,0,1,0,0,39.0,1
788,788,Brandon Royval,69,125.0,69,3.77,0.46,2.88,0.47,0.79,1.0,0.53,2.4,0,0,1,0,33.0,0
789,789,Mauricio Rua,73,205.0,73,3.57,0.5,2.71,0.54,2.12,0.48,0.47,0.8,0,1,0,0,44.0,0
790,790,Mike Russow,73,255.0,73,1.55,0.47,2.9,0.59,4.66,0.43,0.0,0.7,0,1,0,0,49.0,0
791,791,Danny Sabatello,70,135.0,70,2.07,0.57,0.2,0.25,3.0,0.75,1.0,1.0,0,1,0,0,33.0,0
792,792,Amir Sadollah,70,170.0,70,4.71,0.46,3.55,0.6,0.57,0.27,0.6,0.3,0,1,0,0,45.0,0
793,793,Frankie Saenz,66,135.0,66,3.94,0.47,3.5,0.52,1.74,0.31,0.61,0.1,0,1,0,0,45.0,0
794,794,Tarec Saffiedine,70,170.0,70,4.05,0.47,3.06,0.62,0.52,0.36,0.84,0.1,0,0,0,1,39.0,0
795,795,Ovince Saint Preux,75,205.0,75,2.68,0.46,3.03,0.45,1.19,0.4,0.66,0.6,0,0,1,0,42.0,0
796,796,John Salter,73,185.0,73,1.68,0.32,1.68,0.68,2.85,0.46,0.66,0.5,0,0,1,0,41.0,0
797,797,Josh Samman,75,185.0,75,2.08,0.52,2.47,0.34,1.09,0.33,0.33,0.4,0,1,0,0,38.0,0
798,798,Josh Sampo,64,125.0,64,1.99,0.36,2.96,0.55,1.06,0.33,0.4,2.1,0,1,0,0,41.0,0
799,799,Diego Sanchez,70,170.0,70,2.69,0.37,3.02,0.56,1.51,0.24,0.46,0.8,0,0,1,0,44.0,0
800,800,Joby Sanchez,66,135.0,66,3.22,0.36,2.82,0.63,0.95,0.71,0.51,0.4,0,1,0,0,34.0,0
801,801,Emmanuel Sanchez,69,145.0,69,4.45,0.35,4.17,0.55,0.25,0.06,0.16,0.5,0,0,0,0,35.0,0
802,802,Robert Sanchez,66,125.0,66,0.96,0.4,1.78,0.46,3.61,0.62,0.5,0.7,0,1,0,0,40.0,0
803,803,Jerrod Sanders,68,135.0,68,0.88,0.64,1.14,0.46,2.2,0.33,0.5,1.6,0,1,0,0,46.0,0
804,804,Cory Sandhagen,71,135.0,71,6.85,0.48,3.89,0.59,1.07,0.5,0.3,0.5,0,0,0,1,33.0,0
805,805,Luke Sanders,66,135.0,66,6.21,0.51,4.11,0.53,0.31,0.2,0.66,0.3,0,0,1,0,40.0,0
806,806,Hector Sandoval,62,125.0,62,3.31,0.52,2.33,0.65,3.49,0.25,0.71,1.4,0,1,0,0,39.0,0
807,807,Mike Santiago,70,145.0,70,3.44,0.49,3.58,0.36,2.66,0.5,0.53,1.1,0,1,0,0,36.0,0
808,808,Jorge Santiago,73,170.0,73,1.69,0.35,2.62,0.56,0.58,0.3,0.52,0.8,0,1,0,0,45.0,0
809,809,Thiago Santos,74,205.0,74,4.27,0.48,2.33,0.55,0.7,0.38,0.66,0.1,0,1,0,0,42.0,0
810,810,Evangelista Santos,70,170.0,70,3.94,0.36,6.01,0.49,0.78,1.0,0.5,0.4,0,1,0,0,48.0,0
811,811,Leonardo Santos,72,155.0,72,2.65,0.44,2.77,0.58,1.07,0.29,0.89,0.3,0,1,0,0,46.0,0
812,812,Taila Santos,66,125.0,66,3.52,0.48,2.22,0.59,2.0,0.8,0.85,1.0,0,1,0,0,32.0,1
813,813,Daniel Sarafian,69,185.0,69,2.23,0.46,3.1,0.58,0.36,0.07,0.53,0.7,0,1,0,0,43.0,0
814,814,Yuta Sasaki,70,125.0,70,2.16,0.41,2.5,0.5,3.03,0.43,0.41,1.2,0,0,1,0,36.0,0
815,815,Paul Sass,72,155.0,72,0.53,0.26,1.9,0.51,0.53,0.16,0.33,7.4,0,1,0,0,37.0,0
816,816,Ben Saunders,74,170.0,74,3.23,0.5,3.58,0.51,0.2,0.4,0.66,1.3,0,1,0,0,42.0,0
817,817,Eric Schafer,75,185.0,75,1.89,0.34,3.38,0.56,1.81,0.36,0.5,1.8,0,1,0,0,48.0,0
818,818,Brendan Schaub,76,245.0,76,2.92,0.37,2.22,0.57,2.32,0.46,0.72,0.4,0,1,0,0,43.0,0
819,819,Matt Schnell,68,125.0,68,4.2,0.36,4.02,0.62,0.48,0.33,0.53,1.2,0,1,0,0,36.0,0
820,820,Justin Scoggins,67,125.0,67,3.56,0.51,2.16,0.55,3.42,0.63,0.82,0.5,0,0,1,0,33.0,0
821,821,Brad Scott,73,170.0,73,3.52,0.41,4.31,0.57,0.32,0.15,0.63,0.7,0,1,0,0,36.0,0
822,822,Neil Seery,64,125.0,64,3.56,0.41,3.79,0.58,0.78,0.27,0.53,1.6,0,1,0,0,46.0,0
823,823,Pete Sell,71,170.0,71,2.6,0.42,3.65,0.51,0.91,0.21,0.47,0.9,0,1,0,0,43.0,0
824,824,Matthew Semelsberger,73,170.0,73,7.93,0.5,5.31,0.56,1.97,1.0,1.0,1.0,0,0,0,1,33.0,0
825,825,Mackens Semerzier,69,145.0,69,2.91,0.45,3.48,0.46,2.14,0.5,0.5,2.1,0,1,0,0,45.0,0
826,826,Alex Serdyukov,74,170.0,74,4.94,0.48,3.1,0.46,1.84,0.55,0.67,1.8,0,1,0,0,45.0,0
827,827,Matt Serra,66,170.0,66,1.98,0.39,2.64,0.46,2.05,0.2,0.38,0.9,0,1,0,0,51.0,0
828,828,Edmen Shahbazyan,74,185.0,74,3.85,0.51,4.31,0.49,4.44,0.4,0.58,0.5,0,1,0,0,28.0,0
829,829,Ken Shamrock,73,205.0,73,1.47,0.46,4.3,0.39,0.94,0.6,0.44,2.5,0,1,0,0,62.0,0
830,830,Eric Shelton,66,125.0,66,2.57,0.42,1.88,0.63,2.83,0.51,0.46,0.2,0,1,0,0,35.0,0
831,831,Sean Sherk,66,155.0,66,2.17,0.35,2.71,0.55,4.09,0.46,0.56,0.4,0,1,0,0,52.0,0
832,832,Antonina Shevchenko,68,125.0,68,4.09,0.56,2.51,0.54,0.65,0.6,0.56,0.7,0,0,1,0,41.0,1
833,833,Valentina Shevchenko,65,125.0,65,2.98,0.5,2.03,0.62,2.21,0.58,0.75,0.3,0,0,1,0,38.0,1
834,834,Jake Shields,72,170.0,72,2.45,0.36,1.8,0.56,2.83,0.29,0.35,1.2,0,1,0,0,47.0,0
835,835,Jack Shore,68,135.0,68,3.69,0.54,0.59,0.76,5.16,0.46,0.0,1.5,0,1,0,0,31.0,0
836,836,Sam Sicilia,68,145.0,68,2.46,0.33,3.55,0.59,1.45,0.43,0.7,0.9,0,1,0,0,40.0,0
837,837,Steven Siler,71,145.0,71,3.21,0.41,2.96,0.54,0.47,0.21,0.55,1.6,0,1,0,0,39.0,0
838,838,Thiago Silva,74,205.0,74,3.92,0.5,2.55,0.67,1.03,0.47,0.7,0.7,0,1,0,0,43.0,0
839,839,Anderson Silva,74,185.0,74,3.05,0.61,2.05,0.6,0.5,0.77,0.69,0.8,0,0,1,0,50.0,0
840,840,Wanderlei Silva,71,205.0,71,2.79,0.4,2.19,0.6,0.97,0.53,0.62,0.6,0,1,0,0,49.0,0
841,841,Leandro Silva,69,155.0,69,2.39,0.48,2.08,0.63,1.76,0.37,0.65,0.4,0,1,0,0,40.0,0
842,842,Claudio Silva,71,170.0,71,3.14,0.42,3.12,0.43,3.01,0.28,0.66,1.6,0,0,1,0,43.0,0
843,843,Antonio Silva,76,264.0,76,2.89,0.45,3.09,0.5,0.82,0.29,0.66,0.8,0,1,0,0,46.0,0
844,844,Erick Silva,72,170.0,72,2.5,0.48,4.18,0.49,0.85,0.35,0.56,1.4,0,1,0,0,41.0,0
845,845,Joaquim Silva,68,155.0,68,3.92,0.37,4.43,0.56,0.24,0.5,0.64,0.7,0,0,1,0,37.0,0
846,846,Gabriel Silva,66,135.0,66,1.3,0.34,3.47,0.45,1.5,0.25,0.38,0.5,0,1,0,0,31.0,0
847,847,Elias Silverio,71,155.0,71,3.67,0.49,2.97,0.51,1.62,0.38,0.85,0.2,0,1,0,0,39.0,0
848,848,Aaron Simpson,72,170.0,72,3.6,0.52,2.53,0.56,3.78,0.34,0.83,0.5,0,1,0,0,51.0,0
849,849,Ricky Simon,66,135.0,66,3.08,0.42,3.13,0.64,6.93,0.54,0.72,0.4,0,1,0,0,33.0,0
850,850,Tony Sims,71,155.0,71,1.81,0.63,0.76,0.65,0.71,0.5,0.5,0.7,0,0,1,0,40.0,0
851,851,Rory Singer,74,185.0,74,2.55,0.39,2.42,0.63,0.39,0.25,0.64,0.8,0,1,0,0,49.0,0
852,852,Dennis Siver,66,145.0,66,3.87,0.32,2.67,0.65,0.87,0.32,0.65,0.3,0,1,0,0,47.0,0
853,853,Chas Skelly,71,145.0,71,2.02,0.4,3.35,0.48,1.71,0.34,0.33,2.4,0,1,0,0,40.0,0
854,854,Scott Smith,72,185.0,72,1.9,0.27,5.87,0.5,0.12,0.06,0.58,0.5,0,1,0,0,46.0,0
855,855,Trevor Smith,75,185.0,75,3.29,0.55,3.31,0.51,1.7,0.32,0.6,0.7,0,1,0,0,45.0,0
856,856,Anthony Smith,76,205.0,76,2.94,0.46,4.38,0.42,0.49,0.28,0.51,0.7,0,1,0,0,37.0,0
857,857,Colton Smith,72,155.0,72,1.64,0.41,2.3,0.51,4.09,0.36,0.25,1.4,0,1,0,0,38.0,0
858,858,Devonte Smith,69,155.0,69,5.64,0.55,2.65,0.59,0.74,1.0,1.0,0.7,0,1,0,0,32.0,0
859,859,Cole Smith,71,135.0,71,1.78,0.35,1.96,0.49,1.67,0.33,0.45,1.7,0,1,0,0,36.0,0
860,860,Louis Smolka,69,135.0,69,4.44,0.46,3.74,0.53,1.84,0.37,0.31,1.9,0,1,0,0,34.0,0
861,861,Renato Sobral,73,205.0,73,2.23,0.45,1.53,0.57,2.48,0.42,0.65,2.6,0,1,0,0,50.0,0
862,862,Peter Sobotta,72,170.0,72,2.14,0.4,2.9,0.58,1.53,0.32,0.77,0.5,0,0,1,0,39.0,0
863,863,Rameau Thierry Sokoudjou,70,205.0,70,2.26,0.45,2.61,0.56,1.93,0.47,0.78,0.9,0,1,0,0,41.0,0
864,864,Joe Solecki,69,155.0,69,3.62,0.74,0.93,0.51,3.31,0.62,0.0,1.3,0,1,0,0,32.0,0
865,865,Chael Sonnen,73,205.0,73,3.08,0.43,1.1,0.62,3.81,0.59,0.66,0.4,0,0,1,0,49.0,0
866,866,Song Yadong,68,145.0,68,4.35,0.42,3.64,0.57,0.59,0.75,0.56,0.4,0,1,0,0,28.0,0
867,867,Dmitry Sosnovskiy,75,240.0,75,2.95,0.7,2.53,0.35,3.16,0.66,1.0,3.2,0,1,0,0,36.0,0
868,868,Greg Soto,71,170.0,71,3.21,0.63,2.61,0.52,1.49,0.27,0.44,1.0,0,1,0,0,39.0,0
869,869,George Sotiropoulos,70,155.0,70,2.61,0.27,2.52,0.67,2.32,0.31,0.53,1.6,0,1,0,0,48.0,0
870,870,Krzysztof Soszynski,73,205.0,73,3.37,0.39,3.13,0.58,0.52,0.25,0.71,1.0,1,0,0,0,48.0,0
871,871,Joe Soto,66,135.0,66,3.36,0.41,5.37,0.67,0.85,0.21,0.7,1.9,0,1,0,0,39.0,0
872,872,Andre Soukhamthath,69,135.0,69,2.77,0.44,4.31,0.49,1.25,0.53,0.58,0.2,0,1,0,0,37.0,0
873,873,Livinha Souza,63,115.0,63,2.06,0.45,3.38,0.62,2.4,0.44,0.4,1.2,0,1,0,0,35.0,1
874,874,Jacare Souza,73,185.0,73,2.53,0.46,2.85,0.62,2.55,0.39,0.6,1.4,0,1,0,0,46.0,0
875,875,Ryan Spann,77,205.0,77,3.55,0.45,3.45,0.47,1.72,0.41,0.6,1.7,0,1,0,0,34.0,0
876,876,Felicia Spencer,66,145.0,66,3.02,0.45,5.57,0.43,0.64,0.1,0.14,0.3,0,1,0,0,35.0,1
877,877,Eric Spicely,73,185.0,73,3.71,0.45,5.72,0.55,1.31,0.2,0.75,1.0,0,1,0,0,39.0,0
878,878,Serghei Spivac,75,260.0,75,3.58,0.49,2.84,0.58,3.7,0.63,0.75,0.3,0,1,0,0,31.0,0
879,879,Austin Springer,68,145.0,68,3.54,0.57,3.15,0.41,3.37,0.4,1.0,0.8,0,1,0,0,38.0,0
880,880,Georges St-Pierre,71,185.0,71,3.78,0.53,1.4,0.72,4.16,0.74,0.83,1.1,0,1,0,0,44.0,0
881,881,Brian Stann,73,205.0,73,3.28,0.42,2.65,0.59,0.12,0.12,0.6,0.3,0,1,0,0,45.0,0
882,882,Kalib Starnes,75,185.0,75,2.71,0.48,4.43,0.53,1.46,0.33,0.25,0.6,0,1,0,0,51.0,0
883,883,Damian Stasiak,65,135.0,65,1.86,0.36,3.1,0.52,2.64,0.35,0.43,0.6,0,1,0,0,36.0,0
884,884,Aljamain Sterling,67,135.0,67,4.84,0.49,2.2,0.63,1.77,0.24,0.41,0.9,0,1,0,0,36.0,0
885,885,Jeremy Stephens,69,145.0,69,3.18,0.4,3.06,0.58,1.16,0.38,0.65,0.4,0,1,0,0,39.0,0
886,886,Joe Stevenson,67,145.0,67,2.05,0.44,2.44,0.6,2.75,0.44,0.39,2.2,0,1,0,0,43.0,0
887,887,Darren Stewart,72,185.0,72,3.09,0.44,3.09,0.5,1.5,0.4,0.65,0.1,0,1,0,0,35.0,0
888,888,Dustin Stoltzfus,72,185.0,72,2.48,0.57,3.93,0.48,0.78,0.12,0.62,0.8,0,1,0,0,34.0,0
889,889,Ken Stone,68,135.0,68,3.85,0.49,2.9,0.48,1.24,0.33,0.6,0.6,0,0,1,0,43.0,0
890,890,Rick Story,69,170.0,69,3.8,0.41,2.17,0.62,2.53,0.48,0.63,0.9,0,0,1,0,41.0,0
891,891,Sam Stout,69,155.0,69,4.17,0.28,4.08,0.57,0.63,0.38,0.77,0.1,0,1,0,0,41.0,0
892,892,Daniel Straus,67,145.0,67,4.76,0.43,2.99,0.57,0.84,0.15,0.81,1.1,0,0,0,0,41.0,0
893,893,Sean Strickland,73,185.0,73,5.09,0.38,3.77,0.66,1.26,0.6,0.81,0.4,0,1,0,0,35.0,0
894,894,Stefan Struve,83,265.0,83,3.12,0.47,4.04,0.46,0.56,0.46,0.55,1.7,0,1,0,0,38.0,0
895,895,Tatiana Suarez,65,115.0,65,4.82,0.65,1.45,0.48,6.47,0.62,1.0,0.6,0,0,1,0,35.0,1
896,896,George Sullivan,72,170.0,72,3.53,0.39,2.42,0.57,1.37,0.2,0.38,0.7,0,1,0,0,45.0,0
897,897,Cub Swanson,68,145.0,68,4.64,0.5,3.64,0.6,1.09,0.51,0.6,0.5,0,1,0,0,42.0,0
898,898,Kevin Syler,69,155.0,69,5.6,0.69,4.03,0.48,1.0,0.4,0.77,2.0,0,0,0,1,32.0,0
899,899,Mike Swick,73,170.0,73,2.36,0.37,2.29,0.54,1.06,0.5,0.61,0.6,0,1,0,0,46.0,0
900,900,Tim Sylvia,80,265.0,80,4.23,0.41,2.61,0.61,0.11,1.0,0.75,0.1,0,1,0,0,50.0,0
901,901,Michinori Tanaka,65,135.0,65,1.97,0.37,1.99,0.5,2.4,0.38,0.43,0.2,0,1,0,0,35.0,0
902,902,Evan Tanner,72,185.0,72,3.05,0.59,2.64,0.56,2.55,0.43,0.25,1.3,0,1,0,0,55.0,0
903,903,Deividas Taurosevicius,69,145.0,69,2.13,0.43,1.82,0.59,2.0,0.28,0.5,0.3,0,0,1,0,48.0,0
904,904,Manny Tapia,65,135.0,65,2.69,0.21,4.74,0.58,0.49,0.4,0.66,0.2,0,1,0,0,45.0,0
905,905,Miesha Tate,66,135.0,66,1.93,0.41,2.71,0.5,2.06,0.31,0.52,1.6,0,1,0,0,39.0,1
906,906,Thiago Tavares,67,145.0,67,2.0,0.4,2.31,0.62,3.83,0.42,0.62,1.5,0,1,0,0,41.0,0
907,907,Paul Taylor,72,155.0,72,4.44,0.47,4.47,0.55,0.27,0.25,0.56,0.5,0,1,0,0,46.0,0
908,908,Jesse Taylor,72,170.0,72,1.94,0.65,0.55,0.38,7.28,0.5,1.0,3.1,0,1,0,0,43.0,0
909,909,Danielle Taylor,60,115.0,60,2.75,0.29,3.31,0.71,0.2,0.2,0.7,0.2,0,1,0,0,36.0,1
910,910,James Te Huna,74,185.0,74,4.04,0.51,2.99,0.62,2.75,0.37,0.58,0.2,0,1,0,0,44.0,0
911,911,Glover Teixeira,74,205.0,74,3.75,0.47,3.84,0.54,2.04,0.4,0.6,1.0,0,1,0,0,46.0,0
912,912,Daniel Teymur,65,145.0,65,3.08,0.46,3.93,0.56,0.56,0.18,0.6,0.3,0,1,0,0,38.0,0
913,913,Brandon Thatch,74,170.0,74,2.7,0.42,3.63,0.52,1.36,0.66,0.5,0.7,0,0,0,1,40.0,0
914,914,Paulo Thiago,71,170.0,71,1.71,0.39,1.99,0.63,1.42,0.31,0.63,1.2,0,1,0,0,45.0,0
915,915,Nick Thompson,73,170.0,73,1.87,0.42,1.8,0.49,1.06,1.0,0.35,2.6,0,1,0,0,44.0,0
916,916,Josh Thomson,70,155.0,70,2.59,0.47,2.12,0.64,1.92,0.39,0.54,1.3,0,1,0,0,47.0,0
917,917,Simeon Thoresen,73,170.0,73,3.85,0.43,3.85,0.64,1.12,0.4,0.5,1.7,0,1,0,0,42.0,0
918,918,Gleison Tibau,70,155.0,70,1.95,0.31,2.51,0.63,4.08,0.53,0.92,0.8,0,0,1,0,42.0,0
919,919,Ilia Topuria,67,145.0,67,2.5,0.45,1.87,0.68,4.25,0.55,1.0,4.2,0,1,0,0,29.0,0
920,920,Tecia Torres,61,115.0,61,4.3,0.47,3.37,0.62,0.68,0.15,0.56,0.1,0,1,0,0,36.0,0
921,921,Frank Trigg,69,170.0,69,2.79,0.46,1.9,0.56,2.35,0.47,0.75,0.8,0,0,1,0,53.0,0
922,922,Michael Trizano,71,155.0,71,3.02,0.53,2.11,0.63,0.4,0.5,0.8,0.8,0,1,0,0,34.0,0
923,923,Antonio Trocoli,77,205.0,77,1.27,0.71,4.56,0.25,3.8,1.0,1.0,3.8,0,1,0,0,35.0,0
924,924,Francisco Trinaldo,69,155.0,69,3.11,0.44,2.56,0.6,1.09,0.46,0.61,0.6,0,0,1,0,47.0,0
925,925,Jon Tuck,71,155.0,71,3.0,0.4,3.74,0.6,0.42,0.33,0.5,1.0,0,1,0,0,41.0,0
926,926,Chris Tuchscherer,74,258.0,74,1.35,0.31,3.17,0.47,1.19,0.18,0.0,0.6,0,1,0,0,50.0,0
927,927,Abel Trujillo,68,155.0,68,2.65,0.41,2.31,0.59,2.18,0.45,0.4,0.4,0,1,0,0,42.0,0
928,928,Gavin Tucker,66,145.0,66,4.39,0.45,4.28,0.57,2.98,0.42,0.53,1.5,0,0,1,0,39.0,0
929,929,Wellington Turman,72,185.0,72,2.75,0.42,3.71,0.45,2.63,0.35,1.0,0.9,0,1,0,0,29.0,0
930,930,Jalin Turner,75,155.0,75,6.2,0.47,4.37,0.45,0.71,0.66,0.78,1.8,0,0,1,0,30.0,0
931,931,Marcin Tybura,75,249.0,75,3.7,0.5,3.25,0.56,1.62,0.45,0.82,0.1,0,1,0,0,40.0,0
932,932,Caol Uno,67,155.0,67,1.91,0.49,1.9,0.5,1.95,0.31,0.37,0.5,0,0,1,0,50.0,0
933,933,Kamaru Usman,72,170.0,72,4.66,0.54,2.33,0.58,3.22,0.47,1.0,0.1,0,0,0,1,38.0,0
934,934,Darren Uyenoyama,66,125.0,66,1.34,0.39,2.21,0.66,1.42,0.33,0.35,0.7,0,1,0,0,46.0,0
935,935,Charlie Valencia,63,135.0,63,2.58,0.37,2.61,0.77,1.4,0.53,0.75,0.5,0,1,0,0,51.0,0
936,936,Richie Vaculik,66,125.0,66,3.69,0.46,4.09,0.57,3.0,0.45,0.31,1.0,0,1,0,0,42.0,0
937,937,Lando Vannata,69,155.0,69,4.58,0.44,5.1,0.54,1.13,0.37,0.58,0.4,0,1,0,0,34.0,0
938,938,Paige VanZant,64,115.0,64,3.35,0.52,2.62,0.42,1.27,0.33,0.34,1.0,0,1,0,0,32.0,1
939,939,Jamie Varner,68,155.0,68,2.92,0.34,2.55,0.58,3.49,0.53,0.66,0.8,0,1,0,0,41.0,0
940,940,Javier Vazquez,67,145.0,67,2.43,0.36,1.99,0.72,2.56,0.52,0.57,1.5,0,0,1,0,48.0,0
941,941,Manny Vazquez,70,125.0,70,1.47,0.41,2.67,0.48,1.0,0.33,0.0,1.0,0,1,0,0,32.0,0
942,942,Bojan Velickovic,72,170.0,72,2.18,0.34,2.31,0.57,0.67,0.25,0.55,0.5,0,0,1,0,37.0,0
943,943,Cain Velasquez,73,240.0,73,6.37,0.57,2.33,0.57,5.13,0.45,0.85,0.4,0,1,0,0,43.0,0
944,944,Karlos Vemola,72,185.0,72,1.67,0.44,2.13,0.37,1.93,0.25,0.31,1.7,0,1,0,0,40.0,0
945,945,Brandon Vera,75,230.0,75,3.03,0.56,2.81,0.52,0.7,0.53,0.59,0.2,0,1,0,0,48.0,0
946,946,Marlon Vera,68,135.0,68,3.65,0.49,3.95,0.52,0.78,0.37,0.7,1.1,0,0,0,1,33.0,0
947,947,Marvin Vettori,72,185.0,72,4.78,0.45,3.19,0.66,1.33,0.45,0.78,0.8,0,0,1,0,32.0,0
948,948,Polyana Viana,65,115.0,65,3.71,0.41,3.01,0.54,1.12,0.33,0.5,3.4,0,1,0,0,33.0,1
949,949,James Vick,75,155.0,75,4.13,0.39,3.31,0.6,0.26,0.33,0.57,0.7,0,1,0,0,39.0,0
950,950,Ketlen Vieira,68,135.0,68,2.66,0.36,3.84,0.53,2.19,0.48,0.92,0.5,0,1,0,0,34.0,1
951,951,Reginaldo Vieira,67,135.0,67,3.76,0.4,2.89,0.59,1.97,0.27,0.25,0.8,0,1,0,0,43.0,0
952,952,Rodolfo Vieira,72,185.0,72,1.66,0.42,3.06,0.42,7.0,0.47,0.0,1.6,0,1,0,0,36.0,0
953,953,Yuri Villefort,72,170.0,72,3.18,0.43,5.42,0.55,2.0,0.35,0.4,0.3,0,1,0,0,35.0,0
954,954,Alexander Volkanovski,66,145.0,66,6.02,0.55,3.31,0.6,2.09,0.34,0.72,0.3,0,1,0,0,37.0,0
955,955,Jacob Volkmann,69,155.0,69,1.19,0.34,1.78,0.52,3.19,0.48,0.52,2.0,0,0,1,0,45.0,0
956,956,Alexander Volkov,79,250.0,79,4.88,0.59,2.48,0.56,0.66,0.7,0.66,0.2,0,1,0,0,37.0,0
957,957,Chris Wade,70,155.0,70,1.7,0.53,1.75,0.51,2.6,0.51,0.55,1.1,0,1,0,0,38.0,0
958,958,TJ Waldburger,71,170.0,71,2.02,0.51,2.39,0.4,3.03,0.46,0.4,4.8,0,1,0,0,37.0,0
959,959,Rodney Wallace,69,205.0,69,1.13,0.46,3.44,0.45,6.0,0.54,0.28,1.0,0,0,0,1,44.0,0
960,960,Johnny Walker,78,205.0,78,4.41,0.72,3.51,0.31,0.4,1.0,0.6,1.2,0,1,0,0,34.0,0
961,961,Richard Walsh,72,170.0,72,3.84,0.46,2.72,0.58,1.55,0.4,0.66,0.2,0,1,0,0,37.0,0
962,962,Curt Warburton,72,155.0,72,2.13,0.42,3.44,0.43,2.35,0.5,0.83,0.9,0,1,0,0,,0
963,963,Michelle Waterson,63,115.0,63,3.58,0.49,4.0,0.49,1.52,0.34,0.67,0.9,0,1,0,0,40.0,0
964,964,Brok Weaver,72,155.0,72,4.78,0.64,4.35,0.46,0.41,0.1,0.66,0.4,0,0,1,0,34.0,0
965,965,Chris Weidman,74,185.0,74,3.03,0.43,3.15,0.52,3.93,0.47,0.65,0.9,0,1,0,0,41.0,0
966,966,Christian Wellisch,74,234.0,74,3.12,0.27,3.04,0.56,1.22,0.42,0.45,1.2,0,1,0,0,50.0,0
967,967,Fabricio Werdum,76,231.0,76,3.59,0.52,2.64,0.55,1.75,0.31,0.31,1.2,0,1,0,0,48.0,0
968,968,Coty Wheeler,66,135.0,66,1.88,0.22,3.16,0.59,0.87,0.37,0.33,2.6,0,1,0,0,47.0,0
969,969,Alex White,72,155.0,72,3.76,0.42,3.07,0.6,0.92,0.28,0.71,0.5,0,0,1,0,37.0,0
970,970,Emily Whitmire,65,115.0,65,2.71,0.3,3.08,0.54,1.1,0.5,0.7,0.6,0,1,0,0,34.0,1
971,971,Adam Wieczorek,77,250.0,77,1.68,0.38,1.87,0.48,0.41,0.33,0.58,0.4,0,1,0,0,34.0,0
972,972,Mike Wilkinson,67,145.0,67,2.35,0.38,3.7,0.35,0.92,0.14,0.55,0.9,0,1,0,0,38.0,0
973,973,James Wilks,73,170.0,73,1.82,0.45,2.03,0.5,1.27,0.22,0.66,3.8,0,1,0,0,47.0,0
974,974,Patrick Williams,68,135.0,68,4.12,0.51,4.12,0.52,2.71,0.41,1.0,0.5,0,1,0,0,44.0,0
975,975,Chris Wilson,73,170.0,73,2.32,0.5,1.36,0.55,1.31,0.5,0.6,1.6,0,1,0,0,48.0,0
976,976,Matt Wiman,70,155.0,70,3.17,0.5,3.57,0.51,2.13,0.37,0.56,1.5,0,1,0,0,42.0,0
977,977,Eddie Wineland,67,135.0,67,3.4,0.29,3.66,0.69,0.34,0.33,0.86,0.1,0,1,0,0,41.0,0
978,978,Jason Witt,70,170.0,70,3.16,0.65,2.68,0.29,3.65,0.5,0.0,1.8,0,1,0,0,39.0,0
979,979,Nathaniel Wood,66,140.0,66,6.28,0.46,4.36,0.53,1.29,0.46,0.75,0.9,0,1,0,0,32.0,0
980,980,Tyron Woodley,69,170.0,69,2.33,0.48,2.72,0.55,1.08,0.4,0.87,0.4,0,1,0,0,43.0,0
981,981,Wu Yanan,68,125.0,68,4.51,0.45,4.82,0.51,0.61,0.22,0.66,0.3,0,1,0,0,29.0,1
982,982,Rani Yahya,66,135.0,66,1.57,0.37,1.7,0.5,2.89,0.33,0.24,2.0,0,1,0,0,41.0,0
983,983,Alexander Yakovlev,75,155.0,75,1.74,0.47,2.41,0.58,1.66,0.35,0.72,0.1,0,0,1,0,41.0,0
984,984,Petr Yan,67,135.0,67,5.99,0.52,3.55,0.62,2.14,0.66,0.9,0.1,0,0,0,1,33.0,0
985,985,Dongi Yang,70,185.0,70,3.55,0.51,3.21,0.63,1.7,0.41,0.61,0.5,0,0,1,0,41.0,0
986,986,Ashley Yoder,67,115.0,67,2.75,0.39,3.53,0.46,1.33,0.37,0.68,0.7,0,0,1,0,38.0,1
987,987,Sanghoon Yoo,72,155.0,72,5.0,0.66,7.27,0.27,1.0,1.0,0.75,1.0,0,1,0,0,36.0,0
988,988,Yoshiyuki Yoshida,71,170.0,71,0.85,0.36,3.67,0.36,1.41,0.28,0.25,2.8,0,0,1,0,51.0,0
989,989,Elizeu Zaleski dos Santos,71,170.0,71,4.05,0.39,3.07,0.59,0.57,0.17,0.52,0.5,0,1,0,0,39.0,0
990,990,Youssef Zalal,70,145.0,70,2.45,0.51,1.56,0.64,2.4,0.4,0.56,1.4,0,0,0,1,29.0,0
991,991,David Zawada,72,170.0,72,3.24,0.4,4.07,0.54,0.96,0.3,0.57,2.2,0,1,0,0,35.0,0
992,992,Zhang Lipeng,71,155.0,71,1.28,0.48,1.88,0.53,1.75,0.3,0.69,0.8,0,0,1,0,36.0,0
993,993,Zhang Weili,64,115.0,64,6.38,0.45,4.43,0.53,1.26,0.23,1.0,0.5,0,0,0,1,36.0,1
994,994,Cat Zingano,66,145.0,66,2.57,0.61,1.63,0.47,2.77,0.65,0.42,0.8,0,0,1,0,43.0,1
995,995,Zhang Tiequan,68,155.0,68,1.23,0.36,2.14,0.51,1.95,0.58,0.75,3.4,0,1,0,0,47.0,0
